No.,회계연도,추경차수,소관명,회계명,계정명,수입관명,수입항명,수입목명,수입구분명,본예산금액(천원),추경정부안금액(천원),추경국회확정금액(천원)
"1","2022","0","감사원","일반회계","","경상이전수입","기타경상이전수입","기타경상이전수입","일반수입","73,000",0,0
"2","2022","0","감사원","일반회계","","수입대체경비수입","잡수입","기타잡수입","일반수입","520,000",0,0
"3","2022","0","감사원","일반회계","","재산수입","관유물대여료","건물대여료","일반수입","19,000",0,0
"4","2022","0","감사원","일반회계","","재산수입","관유물대여료","토지대여료","일반수입","7,000",0,0
"5","2022","0","감사원","일반회계","","재화및용역판매수입","잡수입","기타잡수입","일반수입","97,000",0,0
"6","2022","0","개인정보보호위원회","일반회계","","경상이전수입","가산금","가산금","일반수입","4,000",0,0
"7","2022","0","개인정보보호위원회","일반회계","","경상이전수입","기타경상이전수입","기타경상이전수입","일반수입","387,000",0,0
"8","2022","0","개인정보보호위원회","일반회계","","경상이전수입","벌금,몰수금및과태료","과징금","일반수입","1,583,000",0,0
"9","2022","0","개인정보보호위원회","일반회계","","경상이전수입","벌금,몰수금및과태료","과태료","일반수입","897,000",0,0
"10","2022","0","개인정보보호위원회","일반회계","","경상이전수입","변상금및위약금","위약금","일반수입","1,000",0,0
"11","2022","0","개인정보보호위원회","일반회계","","재산수입","기타이자수입및재산수입","기타재산이자수입","일반수입","33,000",0,0
"12","2022","0","개인정보보호위원회","일반회계","","재화및용역판매수입","면허료및수수료","면허료및수수료","일반수입","1,000",0,0
"13","2022","0","경찰청","경찰병원","손익계정","경상이전수입","기타경상이전수입","기타경상이전수입","일반수입","40,000",0,0
"14","2022","0","경찰청","경찰병원","손익계정","경상이전수입","변상금및위약금","위약금","일반수입","6,000",0,0
"15","2022","0","경찰청","경찰병원","손익계정","관유물매각대","고정자산매각대","기타고정자산매각대","일반수입","2,000",0,0
"16","2022","0","경찰청","경찰병원","손익계정","기업특별회계영업수입","책임운영기관사업수입","책임운영기관사업수입","일반수입","30,746,000",0,0
"17","2022","0","경찰청","경찰병원","손익계정","세계잉여금","세계잉여금이입액","전년도세계잉여금","보전수입","9,446,000",0,0
"18","2022","0","경찰청","경찰병원","손익계정","재산수입","관유물대여료","건물대여료","일반수입","48,000",0,0
"19","2022","0","경찰청","경찰병원","손익계정","재산수입","기타이자수입및재산수입","기타재산이자수입","일반수입","1,000",0,0
"20","2022","0","경찰청","경찰병원","손익계정","재화및용역판매수입","병원수입","병원수입","일반수입","6,238,000",0,0
"21","2022","0","경찰청","경찰병원","손익계정","재화및용역판매수입","잡수입","기타잡수입","일반수입","40,000",0,0
"22","2022","0","경찰청","경찰병원","손익계정","정부내부수입및기타","전입금","일반회계전입금","내부거래수입(회계간거래)","32,615,000",0,0
"23","2022","0","경찰청","경찰병원","자본계정","세계잉여금","세계잉여금이입액","전년도세계잉여금","보전수입","78,000",0,0
"24","2022","0","경찰청","경찰병원","자본계정","정부내부수입및기타","기타","감가상각비전입금","내부거래수입(회계내 계정간 거래)","1,000",0,0
"25","2022","0","경찰청","경찰병원","자본계정","정부내부수입및기타","기타","당기순이익전입금","내부거래수입(회계내 계정간 거래)","1,000",0,0
"26","2022","0","경찰청","경찰병원","자본계정","정부내부수입및기타","전입금","일반회계전입금","내부거래수입(회계간거래)","3,483,000",0,0
"27","2022","0","경찰청","일반회계","","경상이전수입","가산금","가산금","일반수입","27,515,000",0,0
"28","2022","0","경찰청","일반회계","","경상이전수입","기타경상이전수입","기타경상이전수입","일반수입","10,079,000",0,0
"29","2022","0","경찰청","일반회계","","경상이전수입","벌금,몰수금및과태료","과태료","일반수입","848,674,000",0,0
"30","2022","0","경찰청","일반회계","","경상이전수입","벌금,몰수금및과태료","벌금및과료","일반수입","94,465,000",0,0
"31","2022","0","경찰청","일반회계","","경상이전수입","벌금,몰수금및과태료","징계부과금","일반수입","22,000",0,0
"32","2022","0","경찰청","일반회계","","경상이전수입","변상금및위약금","변상금","일반수입","110,000",0,0
"33","2022","0","경찰청","일반회계","","경상이전수입","변상금및위약금","위약금","일반수입","2,104,000",0,0
"34","2022","0","경찰청","일반회계","","관유물매각대","고정자산매각대","기계기구매각대","일반수입","4,926,000",0,0
"35","2022","0","경찰청","일반회계","","관유물매각대","고정자산매각대","기타고정자산매각대","일반수입","402,000",0,0
"36","2022","0","경찰청","일반회계","","관유물매각대","토지및무형자산매각대","토지매각대","일반수입","1,036,000",0,0
"37","2022","0","경찰청","일반회계","","재산수입","관유물대여료","건물대여료","일반수입","1,413,000",0,0
"38","2022","0","경찰청","일반회계","","재산수입","관유물대여료","토지대여료","일반수입","1,340,000",0,0
"39","2022","0","경찰청","일반회계","","재산수입","기타이자수입및재산수입","기타재산이자수입","일반수입","766,000",0,0
"40","2022","0","경찰청","일반회계","","재화및용역판매수입","면허료및수수료","면허료및수수료","일반수입","810,000",0,0
"41","2022","0","경찰청","일반회계","","재화및용역판매수입","입학금및수업료","수업료","일반수입","375,000",0,0
"42","2022","0","경찰청","일반회계","","재화및용역판매수입","잡수입","기타잡수입","일반수입","3,033,000",0,0
"43","2022","0","고용노동부","국가균형발전특별회계","제주특별자치도계정","경상이전수입","기타경상이전수입","기타경상이전수입","일반수입","400,000",0,0
"44","2022","0","고용노동부","국가균형발전특별회계","지역지원계정","경상이전수입","기타경상이전수입","기타경상이전수입","일반수입","9,600,000",0,0
"45","2022","0","고용노동부","일반회계","","경상이전수입","가산금","가산금","일반수입","264,000",0,0
"46","2022","0","고용노동부","일반회계","","경상이전수입","기타경상이전수입","기타경상이전수입","일반수입","87,000,000",0,0
"47","2022","0","고용노동부","일반회계","","경상이전수입","벌금,몰수금및과태료","과징금","일반수입","78,000",0,0
"48","2022","0","고용노동부","일반회계","","경상이전수입","벌금,몰수금및과태료","과태료","일반수입","42,900,000",0,0
"49","2022","0","고용노동부","일반회계","","경상이전수입","벌금,몰수금및과태료","징계부과금","일반수입","20,000",0,0
"50","2022","0","고용노동부","일반회계","","경상이전수입","변상금및위약금","위약금","일반수입","10,000",0,0
"51","2022","0","고용노동부","일반회계","","재산수입","기타이자수입및재산수입","기타재산이자수입","일반수입","776,000",0,0
"52","2022","0","고용노동부","일반회계","","재화및용역판매수입","면허료및수수료","면허료및수수료","일반수입","8,000",0,0
"53","2022","0","고용노동부","일반회계","","재화및용역판매수입","잡수입","기타잡수입","일반수입","5,000",0,0
"54","2022","0","공정거래위원회","일반회계","","경상이전수입","가산금","가산금","일반수입","391,000",0,0
"55","2022","0","공정거래위원회","일반회계","","경상이전수입","기타경상이전수입","기타경상이전수입","일반수입","1,245,000",0,0
"56","2022","0","공정거래위원회","일반회계","","경상이전수입","벌금,몰수금및과태료","과징금","일반수입","387,907,000",0,0
"57","2022","0","공정거래위원회","일반회계","","경상이전수입","벌금,몰수금및과태료","과태료","일반수입","1,887,000",0,0
"58","2022","0","공정거래위원회","일반회계","","경상이전수입","변상금및위약금","위약금","일반수입","1,000",0,0
"59","2022","0","공정거래위원회","일반회계","","재산수입","기타이자수입및재산수입","기타재산이자수입","일반수입","2,000",0,0
"60","2022","0","과학기술정보통신부","국가균형발전특별회계","지역지원계정","경상이전수입","기타경상이전수입","기타경상이전수입","일반수입","8,854,000",0,0
"61","2022","0","과학기술정보통신부","국가균형발전특별회계","지역지원계정","재산수입","기타이자수입및재산수입","기타재산이자수입","일반수입","425,000",0,0
"62","2022","0","과학기술정보통신부","국립과천과학관","손익계정","기업특별회계영업수입","책임운영기관사업수입","책임운영기관사업수입","일반수입","4,066,000",0,0
"63","2022","0","과학기술정보통신부","국립과천과학관","손익계정","재산수입","관유물대여료","건물대여료","일반수입","719,000",0,0
"64","2022","0","과학기술정보통신부","국립과천과학관","손익계정","재산수입","관유물대여료","토지대여료","일반수입","40,000",0,0
"65","2022","0","과학기술정보통신부","국립과천과학관","손익계정","재산수입","기타이자수입및재산수입","기타재산이자수입","일반수입","1,000",0,0
"66","2022","0","과학기술정보통신부","국립과천과학관","손익계정","재화및용역판매수입","잡수입","기타잡수입","일반수입","81,000",0,0
"67","2022","0","과학기술정보통신부","국립과천과학관","손익계정","정부내부수입및기타","전입금","일반회계전입금","내부거래수입(회계간거래)","24,329,000",0,0
"68","2022","0","과학기술정보통신부","국립과천과학관","자본계정","세계잉여금","세계잉여금이입액","전년도세계잉여금","보전수입","503,000",0,0
"69","2022","0","과학기술정보통신부","국립과천과학관","자본계정","정부내부수입및기타","기타","감가상각비전입금","내부거래수입(회계내 계정간 거래)","1,500,000",0,0
"70","2022","0","과학기술정보통신부","국립과천과학관","자본계정","정부내부수입및기타","기타","당기순이익전입금","내부거래수입(회계내 계정간 거래)","1,000",0,0
"71","2022","0","과학기술정보통신부","국립과천과학관","자본계정","정부내부수입및기타","전입금","일반회계전입금","내부거래수입(회계간거래)","5,220,000",0,0
"72","2022","0","과학기술정보통신부","국립중앙과학관","손익계정","기업특별회계영업수입","책임운영기관사업수입","책임운영기관사업수입","일반수입","1,574,000",0,0
"73","2022","0","과학기술정보통신부","국립중앙과학관","손익계정","세계잉여금","세계잉여금이입액","전년도세계잉여금","보전수입","778,000",0,0
"74","2022","0","과학기술정보통신부","국립중앙과학관","손익계정","재산수입","관유물대여료","건물대여료","일반수입","155,000",0,0
"75","2022","0","과학기술정보통신부","국립중앙과학관","손익계정","재화및용역판매수입","잡수입","기타잡수입","일반수입","58,000",0,0
"76","2022","0","과학기술정보통신부","국립중앙과학관","손익계정","정부내부수입및기타","전입금","일반회계전입금","내부거래수입(회계간거래)","27,179,000",0,0
"77","2022","0","과학기술정보통신부","국립중앙과학관","자본계정","관유물매각대","고정자산매각대","기타고정자산매각대","일반수입","2,000",0,0
"78","2022","0","과학기술정보통신부","국립중앙과학관","자본계정","세계잉여금","세계잉여금이입액","전년도세계잉여금","보전수입","3,497,000",0,0
"79","2022","0","과학기술정보통신부","국립중앙과학관","자본계정","정부내부수입및기타","기타","감가상각비전입금","내부거래수입(회계내 계정간 거래)","1,131,000",0,0
"80","2022","0","과학기술정보통신부","국립중앙과학관","자본계정","정부내부수입및기타","기타","당기순이익전입금","내부거래수입(회계내 계정간 거래)","1,000",0,0
"81","2022","0","과학기술정보통신부","국립중앙과학관","자본계정","정부내부수입및기타","전입금","일반회계전입금","내부거래수입(회계간거래)","908,000",0,0
"82","2022","0","과학기술정보통신부","우체국보험특별회계","","경상이전수입","기타경상이전수입","기타경상이전수입","일반수입","400,000",0,0
"83","2022","0","과학기술정보통신부","우체국보험특별회계","","경상이전수입","변상금및위약금","위약금","일반수입","10,000",0,0
"84","2022","0","과학기술정보통신부","우체국보험특별회계","","재화및용역판매수입","잡수입","기타잡수입","일반수입","50,000",0,0
"85","2022","0","과학기술정보통신부","우체국보험특별회계","","재화및용역판매수입","잡수입","부가보험료","일반수입","1,027,951,000",0,0
"86","2022","0","과학기술정보통신부","우체국예금특별회계","손익계정","경상이전수입","기타경상이전수입","기타경상이전수입","일반수입","700,000",0,0
"87","2022","0","과학기술정보통신부","우체국예금특별회계","손익계정","경상이전수입","변상금및위약금","위약금","일반수입","10,000",0,0
"88","2022","0","과학기술정보통신부","우체국예금특별회계","손익계정","기업특별회계영업수입","우정사업수입","금융영업이자수입","일반수입","2,129,939,000",0,0
"89","2022","0","과학기술정보통신부","우체국예금특별회계","손익계정","기업특별회계영업수입","우정사업수입","금융영업이자외수입","일반수입","81,817,000",0,0
"90","2022","0","과학기술정보통신부","우체국예금특별회계","손익계정","세계잉여금","세계잉여금이입액","전년도세계잉여금","보전수입","358,087,000",0,0
"91","2022","0","과학기술정보통신부","우체국예금특별회계","손익계정","재산수입","기타이자수입및재산수입","기타재산이자수입","일반수입","5,000",0,0
"92","2022","0","과학기술정보통신부","우체국예금특별회계","손익계정","재산수입","기타이자수입및재산수입","기타재산이자외수입","일반수입","5,000",0,0
"93","2022","0","과학기술정보통신부","우체국예금특별회계","손익계정","재화및용역판매수입","잡수입","기타영업외잡수익","일반수입","200,000",0,0
"94","2022","0","과학기술정보통신부","우체국예금특별회계","손익계정","정부내부수입및기타","예탁원금회수","기금예탁원금회수","내부거래수입(기금=>예산간거래)","700,000,000",0,0
"95","2022","0","과학기술정보통신부","우체국예금특별회계","손익계정","정부내부수입및기타","예탁이자수입","기금예탁이자수입","내부거래수입(기금=>예산간거래)","54,240,000",0,0
"96","2022","0","과학기술정보통신부","우체국예금특별회계","손익계정","정부내부수입및기타","전입금","특별회계전입금","내부거래수입(회계간거래)","66,119,000",0,0
"97","2022","0","과학기술정보통신부","우체국예금특별회계","자본계정","관유물매각대","고정자산매각대","기계기구매각대","일반수입","50,000",0,0
"98","2022","0","과학기술정보통신부","우체국예금특별회계","자본계정","관유물매각대","재고자산매각대및유동자산","유동자산매각대","일반수입","23,000",0,0
"99","2022","0","과학기술정보통신부","우체국예금특별회계","자본계정","기업특별회계영업수입","우정사업수입","금융영업이자수입","일반수입","7,000",0,0
"100","2022","0","과학기술정보통신부","우체국예금특별회계","자본계정","세계잉여금","세계잉여금이입액","전년도세계잉여금","보전수입","707,000",0,0
"101","2022","0","과학기술정보통신부","우체국예금특별회계","자본계정","정부내부수입및기타","전입금","계정간전입금","내부거래수입(회계내 계정간 거래)","16,239,000",0,0
"102","2022","0","과학기술정보통신부","우편사업특별회계","손익계정","경상이전수입","기타경상이전수입","기타경상이전수입","일반수입","3,240,000",0,0
"103","2022","0","과학기술정보통신부","우편사업특별회계","손익계정","경상이전수입","변상금및위약금","변상금","일반수입","275,000",0,0
"104","2022","0","과학기술정보통신부","우편사업특별회계","손익계정","경상이전수입","변상금및위약금","위약금","일반수입","219,000",0,0
"105","2022","0","과학기술정보통신부","우편사업특별회계","손익계정","기업특별회계영업수입","우정사업수입","우편사업수입","일반수입","3,130,586,000",0,0
"106","2022","0","과학기술정보통신부","우편사업특별회계","손익계정","세계잉여금","세계잉여금이입액","전년도세계잉여금","보전수입","37,800,000",0,0
"107","2022","0","과학기술정보통신부","우편사업특별회계","손익계정","재산수입","관유물대여료","건물대여료","일반수입","48,399,000",0,0
"108","2022","0","과학기술정보통신부","우편사업특별회계","손익계정","재산수입","관유물대여료","토지대여료","일반수입","1,486,000",0,0
"109","2022","0","과학기술정보통신부","우편사업특별회계","손익계정","재산수입","기타이자수입및재산수입","기타재산이자수입","일반수입","1,748,000",0,0
"110","2022","0","과학기술정보통신부","우편사업특별회계","손익계정","재산수입","기타이자수입및재산수입","기타재산이자외수입","일반수입","3,269,000",0,0
"111","2022","0","과학기술정보통신부","우편사업특별회계","손익계정","재화및용역판매수입","잡수입","기타영업외잡수익","일반수입","1,635,000",0,0
"112","2022","0","과학기술정보통신부","우편사업특별회계","손익계정","정부내부수입및기타","예탁원금회수","기금예탁원금회수","내부거래수입(기금=>예산간거래)","40,000,000",0,0
"113","2022","0","과학기술정보통신부","우편사업특별회계","손익계정","정부내부수입및기타","예탁이자수입","기금예탁이자수입","내부거래수입(기금=>예산간거래)","9,821,000",0,0
"114","2022","0","과학기술정보통신부","우편사업특별회계","손익계정","정부내부수입및기타","전입금","기금전입금","내부거래수입(기금=>예산간거래)","10,035,000",0,0
"115","2022","0","과학기술정보통신부","우편사업특별회계","손익계정","정부내부수입및기타","전입금","일반회계전입금","내부거래수입(회계간거래)","12,255,000",0,0
"116","2022","0","과학기술정보통신부","우편사업특별회계","손익계정","정부내부수입및기타","전입금","특별회계전입금","내부거래수입(회계간거래)","1,195,082,000",0,0
"117","2022","0","과학기술정보통신부","우편사업특별회계","자본계정","관유물매각대","고정자산매각대","건물매각대","일반수입","1,702,000",0,0
"118","2022","0","과학기술정보통신부","우편사업특별회계","자본계정","관유물매각대","고정자산매각대","기계기구매각대","일반수입","1,048,000",0,0
"119","2022","0","과학기술정보통신부","우편사업특별회계","자본계정","관유물매각대","고정자산매각대","기타고정자산매각대","일반수입","10,000",0,0
"120","2022","0","과학기술정보통신부","우편사업특별회계","자본계정","관유물매각대","재고자산매각대및유동자산","유동자산매각대","일반수입","302,000",0,0
"121","2022","0","과학기술정보통신부","우편사업특별회계","자본계정","관유물매각대","토지및무형자산매각대","기타토지및무형자산매각대","일반수입","2,536,000",0,0
"122","2022","0","과학기술정보통신부","우편사업특별회계","자본계정","관유물매각대","토지및무형자산매각대","토지매각대","일반수입","17,141,000",0,0
"123","2022","0","과학기술정보통신부","우편사업특별회계","자본계정","세계잉여금","세계잉여금이입액","전년도세계잉여금","보전수입","20,200,000",0,0
"124","2022","0","과학기술정보통신부","우편사업특별회계","자본계정","재산수입","기타이자수입및재산수입","기타재산이자수입","일반수입","7,000",0,0
"125","2022","0","과학기술정보통신부","우편사업특별회계","자본계정","정부내부수입및기타","기타","감가상각비전입금","내부거래수입(회계내 계정간 거래)","105,726,000",0,0
"126","2022","0","과학기술정보통신부","우편사업특별회계","자본계정","정부내부수입및기타","전입금","계정간전입금","내부거래수입(회계내 계정간 거래)","273,000",0,0
"127","2022","0","과학기술정보통신부","일반회계","","경상이전수입","기타경상이전수입","기타경상이전수입","일반수입","63,516,000",0,0
"128","2022","0","과학기술정보통신부","일반회계","","경상이전수입","벌금,몰수금및과태료","과징금","일반수입","697,000",0,0
"129","2022","0","과학기술정보통신부","일반회계","","경상이전수입","벌금,몰수금및과태료","과태료","일반수입","799,000",0,0
"130","2022","0","과학기술정보통신부","일반회계","","재산수입","관유물대여료","토지대여료","일반수입","117,000",0,0
"131","2022","0","과학기술정보통신부","일반회계","","재산수입","기타이자수입및재산수입","기타재산이자수입","일반수입","4,620,000",0,0
"132","2022","0","과학기술정보통신부","일반회계","","재화및용역판매수입","면허료및수수료","면허료및수수료","일반수입","256,900,000",0,0
"133","2022","0","과학기술정보통신부","일반회계","","재화및용역판매수입","잡수입","기타잡수입","일반수입","28,000",0,0
"134","2022","0","관세청","일반회계","","경상이전수입","가산금","가산금","일반수입","1,000,000",0,0
"135","2022","0","관세청","일반회계","","경상이전수입","기타경상이전수입","기타경상이전수입","일반수입","430,000",0,0
"136","2022","0","관세청","일반회계","","경상이전수입","벌금,몰수금및과태료","과징금","일반수입","2,617,000",0,0
"137","2022","0","관세청","일반회계","","경상이전수입","벌금,몰수금및과태료","과태료","일반수입","4,813,000",0,0
"138","2022","0","관세청","일반회계","","경상이전수입","벌금,몰수금및과태료","몰수금및추징금","일반수입","894,000",0,0
"139","2022","0","관세청","일반회계","","경상이전수입","벌금,몰수금및과태료","벌금및과료","일반수입","1,235,000",0,0
"140","2022","0","관세청","일반회계","","경상이전수입","벌금,몰수금및과태료","징계부과금","일반수입","10,000",0,0
"141","2022","0","관세청","일반회계","","경상이전수입","변상금및위약금","위약금","일반수입","39,000",0,0
"142","2022","0","관세청","일반회계","","관유물매각대","고정자산매각대","기계기구매각대","일반수입","90,000",0,0
"143","2022","0","관세청","일반회계","","재산수입","관유물대여료","건물대여료","일반수입","308,000",0,0
"144","2022","0","관세청","일반회계","","재산수입","관유물대여료","토지대여료","일반수입","35,000",0,0
"145","2022","0","관세청","일반회계","","재산수입","기타이자수입및재산수입","기타재산이자수입","일반수입","5,000",0,0
"146","2022","0","관세청","일반회계","","재화및용역판매수입","면허료및수수료","면허료및수수료","일반수입","25,330,000",0,0
"147","2022","0","관세청","일반회계","","재화및용역판매수입","잡수입","기타잡수입","일반수입","762,000",0,0
"148","2022","0","교육부","국가균형발전특별회계","지역지원계정","경상이전수입","기타경상이전수입","기타경상이전수입","일반수입","15,519,000",0,0
"149","2022","0","교육부","국가균형발전특별회계","지역지원계정","재산수입","기타이자수입및재산수입","기타재산이자수입","일반수입","1,972,000",0,0
"150","2022","0","교육부","유아교육지원특별회계","","세계잉여금","세계잉여금이입액","전년도세계잉여금","보전수입","175,618,000",0,0
"151","2022","0","교육부","유아교육지원특별회계","","정부내부수입및기타","전입금","일반회계전입금","내부거래수입(회계간거래)","3,653,428,000",0,0
"152","2022","0","교육부","일반회계","","경상이전수입","가산금","가산금","일반수입","9,000",0,0
"153","2022","0","교육부","일반회계","","경상이전수입","기타경상이전수입","기타경상이전수입","일반수입","114,900,000",0,0
"154","2022","0","교육부","일반회계","","경상이전수입","벌금,몰수금및과태료","과태료","일반수입","5,000",0,0
"155","2022","0","교육부","일반회계","","경상이전수입","벌금,몰수금및과태료","징계부과금","일반수입","49,000",0,0
"156","2022","0","교육부","일반회계","","경상이전수입","변상금및위약금","변상금","일반수입","37,000",0,0
"157","2022","0","교육부","일반회계","","경상이전수입","변상금및위약금","위약금","일반수입","116,000",0,0
"158","2022","0","교육부","일반회계","","관유물매각대","고정자산매각대","기타고정자산매각대","일반수입","559,000",0,0
"159","2022","0","교육부","일반회계","","관유물매각대","재고자산매각대및유동자산","재고자산매각대","일반수입","113,000",0,0
"160","2022","0","교육부","일반회계","","관유물매각대","토지및무형자산매각대","토지매각대","일반수입","1,929,000",0,0
"161","2022","0","교육부","일반회계","","수입대체경비수입","면허료및수수료","면허료및수수료","일반수입","15,386,000",0,0
"162","2022","0","교육부","일반회계","","수입대체경비수입","잡수입","기타잡수입","일반수입","6,979,000",0,0
"163","2022","0","교육부","일반회계","","융자및전대차관원금회수","전대차관원금회수","기타민간전대차관원금회수","일반수입","57,000",0,0
"164","2022","0","교육부","일반회계","","재산수입","관유물대여료","건물대여료","일반수입","33,000",0,0
"165","2022","0","교육부","일반회계","","재산수입","관유물대여료","기타관유물대여료","일반수입","4,000",0,0
"166","2022","0","교육부","일반회계","","재산수입","관유물대여료","토지대여료","일반수입","490,000",0,0
"167","2022","0","교육부","일반회계","","재산수입","기타이자수입및재산수입","기타재산이자수입","일반수입","19,349,000",0,0
"168","2022","0","교육부","일반회계","","재산수입","전대차관이자수입","기타민간전대차관이자수입","일반수입","1,000",0,0
"169","2022","0","교육부","일반회계","","재화및용역판매수입","잡수입","기타잡수입","일반수입","175,000",0,0
"170","2022","0","교육부","일반회계","","정부내부수입및기타","전입금","기금전입금","내부거래수입(기금=>예산간거래)","48,575,000",0,0
"171","2022","0","국가보훈처","국가균형발전특별회계","제주특별자치도계정","경상이전수입","기타경상이전수입","기타경상이전수입","일반수입","45,000",0,0
"172","2022","0","국가보훈처","에너지및자원사업특별회계","투자계정","경상이전수입","기타경상이전수입","기타경상이전수입","일반수입","33,000",0,0
"173","2022","0","국가보훈처","에너지및자원사업특별회계","투자계정","재산수입","기타이자수입및재산수입","기타재산이자외수입","일반수입","28,000",0,0
"174","2022","0","국가보훈처","일반회계","","경상이전수입","기타경상이전수입","기타경상이전수입","일반수입","8,155,000",0,0
"175","2022","0","국가보훈처","일반회계","","경상이전수입","벌금,몰수금및과태료","과태료","일반수입","74,000",0,0
"176","2022","0","국가보훈처","일반회계","","경상이전수입","변상금및위약금","변상금","일반수입","4,000",0,0
"177","2022","0","국가보훈처","일반회계","","경상이전수입","변상금및위약금","위약금","일반수입","19,000",0,0
"178","2022","0","국가보훈처","일반회계","","관유물매각대","고정자산매각대","기타고정자산매각대","일반수입","35,000",0,0
"179","2022","0","국가보훈처","일반회계","","재산수입","관유물대여료","건물대여료","일반수입","90,000",0,0
"180","2022","0","국가보훈처","일반회계","","재산수입","관유물대여료","토지대여료","일반수입","43,000",0,0
"181","2022","0","국가보훈처","일반회계","","재산수입","기타이자수입및재산수입","기타재산이자수입","일반수입","444,000",0,0
"182","2022","0","국가보훈처","일반회계","","재화및용역판매수입","면허료및수수료","면허료및수수료","일반수입","2,000",0,0
"183","2022","0","국가보훈처","일반회계","","재화및용역판매수입","잡수입","기타잡수입","일반수입","332,000",0,0
"184","2022","0","국가인권위원회","일반회계","","경상이전수입","기타경상이전수입","기타경상이전수입","일반수입","10,000",0,0
"185","2022","0","국가인권위원회","일반회계","","재산수입","기타이자수입및재산수입","기타재산이자수입","일반수입","1,000",0,0
"186","2022","0","국가인권위원회","일반회계","","재화및용역판매수입","잡수입","기타잡수입","일반수입","1,000",0,0
"187","2022","0","국가정보원","일반회계","","재산수입","기타이자수입및재산수입","기타재산이자외수입","일반수입","7,719,000",0,0
"188","2022","0","국무조정실 및 국무총리비서실","일반회계","","경상이전수입","기타경상이전수입","기타경상이전수입","일반수입","22,000",0,0
"189","2022","0","국무조정실 및 국무총리비서실","일반회계","","재산수입","기타이자수입및재산수입","기타재산이자수입","일반수입","1,000",0,0
"190","2022","0","국민권익위원회","일반회계","","경상이전수입","기타경상이전수입","기타경상이전수입","일반수입","389,000",0,0
"191","2022","0","국민권익위원회","일반회계","","경상이전수입","벌금,몰수금및과태료","과태료","일반수입","100,000",0,0
"192","2022","0","국민권익위원회","일반회계","","재화및용역판매수입","잡수입","기타잡수입","일반수입","50,000",0,0
"193","2022","0","국방부","국방·군사시설이전특별회계","","경상이전수입","기타경상이전수입","기타경상이전수입","일반수입","450,000",0,0
"194","2022","0","국방부","국방·군사시설이전특별회계","","관유물매각대","고정자산매각대","건물매각대","일반수입","5,159,000",0,0
"195","2022","0","국방부","국방·군사시설이전특별회계","","관유물매각대","토지및무형자산매각대","토지매각대","일반수입","246,900,000",0,0
"196","2022","0","국방부","국방·군사시설이전특별회계","","세계잉여금","세계잉여금이입액","전년도세계잉여금","보전수입","42,105,000",0,0
"197","2022","0","국방부","국방·군사시설이전특별회계","","재산수입","기타이자수입및재산수입","기타재산이자수입","일반수입","100,000",0,0
"198","2022","0","국방부","국방·군사시설이전특별회계","","정부내부수입및기타","예탁원금회수","기금예탁원금회수","내부거래수입(기금=>예산간거래)","455,500,000",0,0
"199","2022","0","국방부","국방·군사시설이전특별회계","","정부내부수입및기타","예탁이자수입","기금예탁이자수입","내부거래수입(기금=>예산간거래)","16,329,000",0,0
"200","2022","0","국방부","일반회계","","경상이전수입","가산금","가산금","일반수입","3,000",0,0
"201","2022","0","국방부","일반회계","","경상이전수입","기타경상이전수입","기타경상이전수입","일반수입","116,904,000",0,0
"202","2022","0","국방부","일반회계","","경상이전수입","벌금,몰수금및과태료","과징금","일반수입","76,000",0,0
"203","2022","0","국방부","일반회계","","경상이전수입","벌금,몰수금및과태료","몰수금및추징금","일반수입","39,000",0,0
"204","2022","0","국방부","일반회계","","경상이전수입","벌금,몰수금및과태료","벌금및과료","일반수입","4,482,000",0,0
"205","2022","0","국방부","일반회계","","경상이전수입","변상금및위약금","변상금","일반수입","2,940,000",0,0
"206","2022","0","국방부","일반회계","","경상이전수입","변상금및위약금","위약금","일반수입","16,190,000",0,0
"207","2022","0","국방부","일반회계","","재산수입","관유물대여료","건물대여료","일반수입","1,439,000",0,0
"208","2022","0","국방부","일반회계","","재산수입","관유물대여료","기타관유물대여료","일반수입","1,990,000",0,0
"209","2022","0","국방부","일반회계","","재산수입","관유물대여료","토지대여료","일반수입","4,340,000",0,0
"210","2022","0","국방부","일반회계","","재산수입","기타이자수입및재산수입","기타재산이자수입","일반수입","1,753,000",0,0
"211","2022","0","국방부","일반회계","","재화및용역판매수입","면허료및수수료","면허료및수수료","일반수입","771,000",0,0
"212","2022","0","국방부","일반회계","","재화및용역판매수입","병원수입","병원수입","일반수입","14,254,000",0,0
"213","2022","0","국방부","일반회계","","재화및용역판매수입","입학금및수업료","수업료","일반수입","458,000",0,0
"214","2022","0","국방부","일반회계","","재화및용역판매수입","잡수입","기타잡수입","일반수입","31,640,000",0,0
"215","2022","0","국방부","일반회계","","재화및용역판매수입","항공항만및용수수입","항공항만수입","일반수입","2,868,000",0,0
"216","2022","0","국방부","일반회계","","정부내부수입및기타","전입금","기금전입금","내부거래수입(기금=>예산간거래)","7,934,000",0,0
"217","2022","0","국방부","주한미군기지이전특별회계","","경상이전수입","기타경상이전수입","기타경상이전수입","일반수입","749,000",0,0
"218","2022","0","국방부","주한미군기지이전특별회계","","경상이전수입","변상금및위약금","변상금","일반수입","120,000",0,0
"219","2022","0","국방부","주한미군기지이전특별회계","","관유물매각대","토지및무형자산매각대","토지매각대","일반수입","300,563,000",0,0
"220","2022","0","국방부","주한미군기지이전특별회계","","재산수입","관유물대여료","토지대여료","일반수입","133,000",0,0
"221","2022","0","국방부","주한미군기지이전특별회계","","재산수입","기타이자수입및재산수입","기타재산이자수입","일반수입","810,000",0,0
"222","2022","0","국방부","주한미군기지이전특별회계","","재화및용역판매수입","잡수입","기타잡수입","일반수입","227,000",0,0
"223","2022","0","국방부","주한미군기지이전특별회계","","정부내부수입및기타","예수금","기금예수금","내부거래수입(기금=>예산간거래)","469,033,000",0,0
"224","2022","0","국세청","일반회계","","경상이전수입","가산금","가산금","일반수입","430,133,000",0,0
"225","2022","0","국세청","일반회계","","경상이전수입","기타경상이전수입","기타경상이전수입","일반수입","20,751,000",0,0
"226","2022","0","국세청","일반회계","","경상이전수입","벌금,몰수금및과태료","과태료","일반수입","43,968,000",0,0
"227","2022","0","국세청","일반회계","","경상이전수입","벌금,몰수금및과태료","벌금및과료","일반수입","52,483,000",0,0
"228","2022","0","국세청","일반회계","","경상이전수입","벌금,몰수금및과태료","징계부과금","일반수입","30,000",0,0
"229","2022","0","국세청","일반회계","","경상이전수입","변상금및위약금","변상금","일반수입","3,000",0,0
"230","2022","0","국세청","일반회계","","관유물매각대","고정자산매각대","기타고정자산매각대","일반수입","60,000",0,0
"231","2022","0","국세청","일반회계","","수입대체경비수입","잡수입","기타잡수입","일반수입","593,000",0,0
"232","2022","0","국세청","일반회계","","재산수입","관유물대여료","건물대여료","일반수입","148,000",0,0
"233","2022","0","국세청","일반회계","","재산수입","관유물대여료","토지대여료","일반수입","2,000",0,0
"234","2022","0","국세청","일반회계","","재화및용역판매수입","잡수입","기타잡수입","일반수입","21,000",0,0
"235","2022","0","국토교통부","교통시설특별회계","공항계정","경상이전수입","가산금","가산금","일반수입","231,000",0,0
"236","2022","0","국토교통부","교통시설특별회계","공항계정","경상이전수입","기타경상이전수입","기타경상이전수입","일반수입","5,619,000",0,0
"237","2022","0","국토교통부","교통시설특별회계","공항계정","경상이전수입","기타경상이전수입","법정부담금","일반수입","10,835,000",0,0
"238","2022","0","국토교통부","교통시설특별회계","공항계정","경상이전수입","벌금,몰수금및과태료","과징금","일반수입","1,771,000",0,0
"239","2022","0","국토교통부","교통시설특별회계","공항계정","경상이전수입","벌금,몰수금및과태료","과태료","일반수입","16,000",0,0
"240","2022","0","국토교통부","교통시설특별회계","공항계정","경상이전수입","벌금,몰수금및과태료","벌금및과료","일반수입","170,000",0,0
"241","2022","0","국토교통부","교통시설특별회계","공항계정","경상이전수입","변상금및위약금","변상금","일반수입","444,000",0,0
"242","2022","0","국토교통부","교통시설특별회계","공항계정","경상이전수입","변상금및위약금","위약금","일반수입","314,000",0,0
"243","2022","0","국토교통부","교통시설특별회계","공항계정","관유물매각대","고정자산매각대","기타고정자산매각대","일반수입","3,000",0,0
"244","2022","0","국토교통부","교통시설특별회계","공항계정","관유물매각대","토지및무형자산매각대","토지매각대","일반수입","190,000",0,0
"245","2022","0","국토교통부","교통시설특별회계","공항계정","재산수입","관유물대여료","건물대여료","일반수입","1,094,000",0,0
"246","2022","0","국토교통부","교통시설특별회계","공항계정","재산수입","관유물대여료","기타관유물대여료","일반수입","1,500,000",0,0
"247","2022","0","국토교통부","교통시설특별회계","공항계정","재산수입","관유물대여료","토지대여료","일반수입","4,916,000",0,0
"248","2022","0","국토교통부","교통시설특별회계","공항계정","재산수입","기타이자수입및재산수입","기타재산이자수입","일반수입","956,000",0,0
"249","2022","0","국토교통부","교통시설특별회계","공항계정","재화및용역판매수입","면허료및수수료","면허료및수수료","일반수입","739,000",0,0
"250","2022","0","국토교통부","교통시설특별회계","공항계정","재화및용역판매수입","잡수입","기타잡수입","일반수입","207,000",0,0
"251","2022","0","국토교통부","교통시설특별회계","공항계정","재화및용역판매수입","항공항만및용수수입","항공항만수입","일반수입","67,963,000",0,0
"252","2022","0","국토교통부","교통시설특별회계","공항계정","정부내부수입및기타","전입금","계정간전입금","내부거래수입(회계내 계정간 거래)","54,280,000",0,0
"253","2022","0","국토교통부","교통시설특별회계","공항계정","정부내부수입및기타","전입금","일반회계전입금","내부거래수입(회계간거래)","337,208,000",0,0
"254","2022","0","국토교통부","교통시설특별회계","교통체계관리계정","경상이전수입","기타경상이전수입","기타경상이전수입","일반수입","25,614,000",0,0
"255","2022","0","국토교통부","교통시설특별회계","교통체계관리계정","재산수입","기타이자수입및재산수입","기타재산이자수입","일반수입","927,000",0,0
"256","2022","0","국토교통부","교통시설특별회계","교통체계관리계정","정부내부수입및기타","전입금","일반회계전입금","내부거래수입(회계간거래)","899,680,000",0,0
"257","2022","0","국토교통부","교통시설특별회계","도로계정","경상이전수입","가산금","가산금","일반수입","576,000",0,0
"258","2022","0","국토교통부","교통시설특별회계","도로계정","경상이전수입","기타경상이전수입","기타경상이전수입","일반수입","18,383,000",0,0
"259","2022","0","국토교통부","교통시설특별회계","도로계정","경상이전수입","기타경상이전수입","법정부담금","일반수입","2,258,000",0,0
"260","2022","0","국토교통부","교통시설특별회계","도로계정","경상이전수입","벌금,몰수금및과태료","과태료","일반수입","27,448,000",0,0
"261","2022","0","국토교통부","교통시설특별회계","도로계정","경상이전수입","벌금,몰수금및과태료","벌금및과료","일반수입","6,000",0,0
"262","2022","0","국토교통부","교통시설특별회계","도로계정","경상이전수입","변상금및위약금","변상금","일반수입","373,000",0,0
"263","2022","0","국토교통부","교통시설특별회계","도로계정","경상이전수입","변상금및위약금","위약금","일반수입","1,112,000",0,0
"264","2022","0","국토교통부","교통시설특별회계","도로계정","관유물매각대","고정자산매각대","기타고정자산매각대","일반수입","218,000",0,0
"265","2022","0","국토교통부","교통시설특별회계","도로계정","관유물매각대","토지및무형자산매각대","토지매각대","일반수입","5,832,000",0,0
"266","2022","0","국토교통부","교통시설특별회계","도로계정","재산수입","관유물대여료","건물대여료","일반수입","16,000",0,0
"267","2022","0","국토교통부","교통시설특별회계","도로계정","재산수입","관유물대여료","기타관유물대여료","일반수입","49,000",0,0
"268","2022","0","국토교통부","교통시설특별회계","도로계정","재산수입","관유물대여료","토지대여료","일반수입","19,494,000",0,0
"269","2022","0","국토교통부","교통시설특별회계","도로계정","재산수입","기타이자수입및재산수입","기타재산이자수입","일반수입","4,594,000",0,0
"270","2022","0","국토교통부","교통시설특별회계","도로계정","재산수입","정부출자수입","정부출자수입","일반수입","34,004,000",0,0
"271","2022","0","국토교통부","교통시설특별회계","도로계정","재화및용역판매수입","면허료및수수료","면허료및수수료","일반수입","379,000",0,0
"272","2022","0","국토교통부","교통시설특별회계","도로계정","재화및용역판매수입","잡수입","기타잡수입","일반수입","3,982,000",0,0
"273","2022","0","국토교통부","교통시설특별회계","도로계정","정부내부수입및기타","예탁원금회수","기금예탁원금회수","내부거래수입(기금=>예산간거래)","4,486,481,000",0,0
"274","2022","0","국토교통부","교통시설특별회계","도로계정","정부내부수입및기타","예탁이자수입","기금예탁이자수입","내부거래수입(기금=>예산간거래)","165,626,000",0,0
"275","2022","0","국토교통부","교통시설특별회계","도로계정","정부내부수입및기타","전입금","일반회계전입금","내부거래수입(회계간거래)","3,885,118,000",0,0
"276","2022","0","국토교통부","교통시설특별회계","철도계정","경상이전수입","가산금","가산금","일반수입","138,000",0,0
"277","2022","0","국토교통부","교통시설특별회계","철도계정","경상이전수입","기타경상이전수입","기타경상이전수입","일반수입","11,173,000",0,0
"278","2022","0","국토교통부","교통시설특별회계","철도계정","경상이전수입","변상금및위약금","변상금","일반수입","241,000",0,0
"279","2022","0","국토교통부","교통시설특별회계","철도계정","관유물매각대","고정자산매각대","건물매각대","일반수입","774,000",0,0
"280","2022","0","국토교통부","교통시설특별회계","철도계정","관유물매각대","고정자산매각대","기계기구매각대","일반수입","331,000",0,0
"281","2022","0","국토교통부","교통시설특별회계","철도계정","관유물매각대","토지및무형자산매각대","토지매각대","일반수입","79,866,000",0,0
"282","2022","0","국토교통부","교통시설특별회계","철도계정","재산수입","관유물대여료","기타관유물대여료","일반수입","4,025,000",0,0
"283","2022","0","국토교통부","교통시설특별회계","철도계정","재산수입","관유물대여료","토지대여료","일반수입","125,000",0,0
"284","2022","0","국토교통부","교통시설특별회계","철도계정","재산수입","기타이자수입및재산수입","기타재산이자수입","일반수입","265,000",0,0
"285","2022","0","국토교통부","교통시설특별회계","철도계정","재화및용역판매수입","잡수입","기타잡수입","일반수입","15,531,000",0,0
"286","2022","0","국토교통부","교통시설특별회계","철도계정","정부내부수입및기타","전입금","일반회계전입금","내부거래수입(회계간거래)","5,517,708,000",0,0
"287","2022","0","국토교통부","국가균형발전특별회계","제주특별자치도계정","경상이전수입","기타경상이전수입","기타경상이전수입","일반수입","312,000",0,0
"288","2022","0","국토교통부","국가균형발전특별회계","제주특별자치도계정","재산수입","기타이자수입및재산수입","기타재산이자수입","일반수입","10,000",0,0
"289","2022","0","국토교통부","국가균형발전특별회계","지역자율계정","경상이전수입","가산금","가산금","일반수입","6,897,000",0,0
"290","2022","0","국토교통부","국가균형발전특별회계","지역자율계정","경상이전수입","기타경상이전수입","기타경상이전수입","일반수입","10,520,000",0,0
"291","2022","0","국토교통부","국가균형발전특별회계","지역자율계정","경상이전수입","기타경상이전수입","법정부담금","일반수입","216,025,000",0,0
"292","2022","0","국토교통부","국가균형발전특별회계","지역자율계정","경상이전수입","벌금,몰수금및과태료","과태료","일반수입","487,000",0,0
"293","2022","0","국토교통부","국가균형발전특별회계","지역자율계정","경상이전수입","벌금,몰수금및과태료","벌금및과료","일반수입","369,000",0,0
"294","2022","0","국토교통부","국가균형발전특별회계","지역자율계정","재산수입","기타이자수입및재산수입","기타민간이자수입","일반수입","1,000",0,0
"295","2022","0","국토교통부","국가균형발전특별회계","지역자율계정","재산수입","기타이자수입및재산수입","기타재산이자수입","일반수입","714,000",0,0
"296","2022","0","국토교통부","국가균형발전특별회계","지역자율계정","재산수입","기타이자수입및재산수입","지방자치단체이자수입","일반수입","22,000",0,0
"297","2022","0","국토교통부","국가균형발전특별회계","지역자율계정","재화및용역판매수입","잡수입","기타잡수입","일반수입","1,000",0,0
"298","2022","0","국토교통부","국가균형발전특별회계","지역지원계정","경상이전수입","가산금","가산금","일반수입","234,000",0,0
"299","2022","0","국토교통부","국가균형발전특별회계","지역지원계정","경상이전수입","기타경상이전수입","기타경상이전수입","일반수입","23,389,000",0,0
"300","2022","0","국토교통부","국가균형발전특별회계","지역지원계정","경상이전수입","기타경상이전수입","법정부담금","일반수입","244,466,000",0,0
"301","2022","0","국토교통부","국가균형발전특별회계","지역지원계정","경상이전수입","변상금및위약금","변상금","일반수입","4,000",0,0
"302","2022","0","국토교통부","국가균형발전특별회계","지역지원계정","경상이전수입","변상금및위약금","위약금","일반수입","5,000",0,0
"303","2022","0","국토교통부","국가균형발전특별회계","지역지원계정","관유물매각대","토지및무형자산매각대","토지매각대","일반수입","3,065,000",0,0
"304","2022","0","국토교통부","국가균형발전특별회계","지역지원계정","재산수입","관유물대여료","토지대여료","일반수입","256,000",0,0
"305","2022","0","국토교통부","국가균형발전특별회계","지역지원계정","재산수입","기타이자수입및재산수입","기타재산이자수입","일반수입","1,943,000",0,0
"306","2022","0","국토교통부","국가균형발전특별회계","지역지원계정","재화및용역판매수입","잡수입","기타잡수입","일반수입","2,000",0,0
"307","2022","0","국토교통부","에너지및자원사업특별회계","투자계정","경상이전수입","기타경상이전수입","기타경상이전수입","일반수입","754,000",0,0
"308","2022","0","국토교통부","에너지및자원사업특별회계","투자계정","재산수입","기타이자수입및재산수입","기타재산이자수입","일반수입","13,000",0,0
"309","2022","0","국토교통부","일반회계","","경상이전수입","가산금","가산금","일반수입","17,000",0,0
"310","2022","0","국토교통부","일반회계","","경상이전수입","기타경상이전수입","기타경상이전수입","일반수입","129,194,000",0,0
"311","2022","0","국토교통부","일반회계","","경상이전수입","벌금,몰수금및과태료","과징금","일반수입","6,105,000",0,0
"312","2022","0","국토교통부","일반회계","","경상이전수입","벌금,몰수금및과태료","과태료","일반수입","294,000",0,0
"313","2022","0","국토교통부","일반회계","","경상이전수입","벌금,몰수금및과태료","벌금및과료","일반수입","573,000",0,0
"314","2022","0","국토교통부","일반회계","","경상이전수입","벌금,몰수금및과태료","징계부과금","일반수입","21,000",0,0
"315","2022","0","국토교통부","일반회계","","경상이전수입","변상금및위약금","변상금","일반수입","301,000",0,0
"316","2022","0","국토교통부","일반회계","","경상이전수입","변상금및위약금","위약금","일반수입","501,000",0,0
"317","2022","0","국토교통부","일반회계","","관유물매각대","고정자산매각대","건물매각대","일반수입","126,000",0,0
"318","2022","0","국토교통부","일반회계","","관유물매각대","고정자산매각대","기계기구매각대","일반수입","3,000",0,0
"319","2022","0","국토교통부","일반회계","","관유물매각대","고정자산매각대","기타고정자산매각대","일반수입","168,000",0,0
"320","2022","0","국토교통부","일반회계","","관유물매각대","토지및무형자산매각대","토지매각대","일반수입","2,615,000",0,0
"321","2022","0","국토교통부","일반회계","","수입대체경비수입","면허료및수수료","면허료및수수료","일반수입","2,302,000",0,0
"322","2022","0","국토교통부","일반회계","","수입대체경비수입","잡수입","기타잡수입","일반수입","1,817,000",0,0
"323","2022","0","국토교통부","일반회계","","재산수입","관유물대여료","건물대여료","일반수입","241,000",0,0
"324","2022","0","국토교통부","일반회계","","재산수입","관유물대여료","기타관유물대여료","일반수입","14,000",0,0
"325","2022","0","국토교통부","일반회계","","재산수입","관유물대여료","토지대여료","일반수입","1,754,000",0,0
"326","2022","0","국토교통부","일반회계","","재산수입","기타이자수입및재산수입","기타재산이자수입","일반수입","3,972,000",0,0
"327","2022","0","국토교통부","일반회계","","재화및용역판매수입","면허료및수수료","면허료및수수료","일반수입","3,344,000",0,0
"328","2022","0","국토교통부","일반회계","","재화및용역판매수입","잡수입","기타잡수입","일반수입","6,880,000",0,0
"329","2022","0","국토교통부","혁신도시건설특별회계","","경상이전수입","기타경상이전수입","기타경상이전수입","일반수입","50,000",0,0
"330","2022","0","국토교통부","혁신도시건설특별회계","","세계잉여금","세계잉여금이입액","전년도세계잉여금","보전수입","7,713,000",0,0
"331","2022","0","국토교통부","혁신도시건설특별회계","","재산수입","관유물대여료","건물대여료","일반수입","12,000",0,0
"332","2022","0","국토교통부","혁신도시건설특별회계","","재산수입","기타이자수입및재산수입","기타재산이자수입","일반수입","5,000",0,0
"333","2022","0","국토교통부","혁신도시건설특별회계","","정부내부수입및기타","예수금","기금예수금","내부거래수입(기금=>예산간거래)","10,633,000",0,0
"334","2022","0","국토교통부","혁신도시건설특별회계","","정부내부수입및기타","전입금","일반회계전입금","내부거래수입(회계간거래)","24,035,000",0,0
"335","2022","0","국회","일반회계","","경상이전수입","기타경상이전수입","기타경상이전수입","일반수입","912,000",0,0
"336","2022","0","국회","일반회계","","경상이전수입","변상금및위약금","변상금","일반수입","14,000",0,0
"337","2022","0","국회","일반회계","","경상이전수입","변상금및위약금","위약금","일반수입","22,000",0,0
"338","2022","0","국회","일반회계","","관유물매각대","고정자산매각대","기타고정자산매각대","일반수입","51,000",0,0
"339","2022","0","국회","일반회계","","수입대체경비수입","잡수입","기타잡수입","일반수입","232,000",0,0
"340","2022","0","국회","일반회계","","재산수입","관유물대여료","건물대여료","일반수입","1,485,000",0,0
"341","2022","0","국회","일반회계","","재산수입","관유물대여료","토지대여료","일반수입","490,000",0,0
"342","2022","0","국회","일반회계","","재산수입","기타이자수입및재산수입","기타재산이자수입","일반수입","6,000",0,0
"343","2022","0","국회","일반회계","","재화및용역판매수입","면허료및수수료","면허료및수수료","일반수입","91,000",0,0
"344","2022","0","국회","일반회계","","재화및용역판매수입","잡수입","기타잡수입","일반수입","860,000",0,0
"345","2022","0","금융위원회","일반회계","","경상이전수입","가산금","가산금","일반수입","60,000",0,0
"346","2022","0","금융위원회","일반회계","","경상이전수입","기타경상이전수입","기타경상이전수입","일반수입","233,904,000",0,0
"347","2022","0","금융위원회","일반회계","","경상이전수입","벌금,몰수금및과태료","과징금","일반수입","25,721,000",0,0
"348","2022","0","금융위원회","일반회계","","경상이전수입","벌금,몰수금및과태료","과태료","일반수입","22,064,000",0,0
"349","2022","0","기상청","일반회계","","경상이전수입","기타경상이전수입","기타경상이전수입","일반수입","3,197,000",0,0
"350","2022","0","기상청","일반회계","","경상이전수입","변상금및위약금","위약금","일반수입","14,702,000",0,0
"351","2022","0","기상청","일반회계","","관유물매각대","고정자산매각대","기타고정자산매각대","일반수입","40,000",0,0
"352","2022","0","기상청","일반회계","","재산수입","관유물대여료","건물대여료","일반수입","16,000",0,0
"353","2022","0","기상청","일반회계","","재산수입","관유물대여료","기타관유물대여료","일반수입","1,000",0,0
"354","2022","0","기상청","일반회계","","재산수입","관유물대여료","토지대여료","일반수입","36,000",0,0
"355","2022","0","기상청","일반회계","","재산수입","기타이자수입및재산수입","기타재산이자수입","일반수입","470,000",0,0
"356","2022","0","기상청","일반회계","","재화및용역판매수입","면허료및수수료","면허료및수수료","일반수입","2,902,000",0,0
"357","2022","0","기상청","일반회계","","재화및용역판매수입","입장료수입","입장료수입","일반수입","50,000",0,0
"358","2022","0","기상청","일반회계","","재화및용역판매수입","잡수입","기타잡수입","일반수입","5,000",0,0
"359","2022","0","기획재정부","국가균형발전특별회계","세종특별자치시계정","정부내부수입및기타","전입금","일반회계전입금","내부거래수입(회계간거래)","71,584,000",0,0
"360","2022","0","기획재정부","국가균형발전특별회계","제주특별자치도계정","정부내부수입및기타","전입금","일반회계전입금","내부거래수입(회계간거래)","253,525,000",0,0
"361","2022","0","기획재정부","국가균형발전특별회계","제주특별자치도계정","정부내부수입및기타","전입금","특별회계전입금","내부거래수입(회계간거래)","11,483,000",0,0
"362","2022","0","기획재정부","국가균형발전특별회계","지역자율계정","내국세","주세","기타주세","일반수입","4,000,000",0,0
"363","2022","0","기획재정부","국가균형발전특별회계","지역자율계정","내국세","주세","주세","일반수입","1,490,960,000",0,0
"364","2022","0","기획재정부","국가균형발전특별회계","지역자율계정","세계잉여금","세계잉여금이입액","전년도세계잉여금","보전수입","23,635,000",0,0
"365","2022","0","기획재정부","국가균형발전특별회계","지역자율계정","정부내부수입및기타","전입금","일반회계전입금","내부거래수입(회계간거래)","307,610,000",0,0
"366","2022","0","기획재정부","국가균형발전특별회계","지역자율계정","정부내부수입및기타","전입금","특별회계전입금","내부거래수입(회계간거래)","760,339,000",0,0
"367","2022","0","기획재정부","국가균형발전특별회계","지역지원계정","내국세","주세","기타주세","일반수입","6,000,000",0,0
"368","2022","0","기획재정부","국가균형발전특별회계","지역지원계정","내국세","주세","주세","일반수입","2,236,440,000",0,0
"369","2022","0","기획재정부","국가균형발전특별회계","지역지원계정","세계잉여금","세계잉여금이입액","전년도세계잉여금","보전수입","-335,700,000",0,0
"370","2022","0","기획재정부","국가균형발전특별회계","지역지원계정","정부내부수입및기타","전입금","계정간전입금","내부거래수입(회계내 계정간 거래)","555,112,000",0,0
"371","2022","0","기획재정부","국가균형발전특별회계","지역지원계정","정부내부수입및기타","전입금","일반회계전입금","내부거래수입(회계간거래)","3,551,256,000",0,0
"372","2022","0","기획재정부","국가균형발전특별회계","지역지원계정","정부내부수입및기타","전입금","특별회계전입금","내부거래수입(회계간거래)","1,742,749,000",0,0
"373","2022","0","기획재정부","일반회계","","경상이전수입","가산금","가산금","일반수입","1,000",0,0
"374","2022","0","기획재정부","일반회계","","경상이전수입","기타경상이전수입","기타경상이전수입","일반수입","8,465,950",0,0
"375","2022","0","기획재정부","일반회계","","경상이전수입","벌금,몰수금및과태료","과태료","일반수입","208,000",0,0
"376","2022","0","기획재정부","일반회계","","경상이전수입","벌금,몰수금및과태료","벌금및과료","일반수입","1,000",0,0
"377","2022","0","기획재정부","일반회계","","경상이전수입","변상금및위약금","위약금","일반수입","3,000",0,0
"378","2022","0","기획재정부","일반회계","","관세","관세","관세","일반수입","8,735,100,000",0,0
"379","2022","0","기획재정부","일반회계","","관유물매각대","재고자산매각대및유동자산","국세물납주식매각대","일반수입","44,849,000",0,0
"380","2022","0","기획재정부","일반회계","","교육세","교육세","교육세","일반수입","5,340,900,000",0,0
"381","2022","0","기획재정부","일반회계","","교통·에너지·환경세","교통·에너지·환경세","교통·에너지·환경세","일반수입","15,380,500,000",0,0
"382","2022","0","기획재정부","일반회계","","내국세","개별소비세","개별소비세","일반수입","10,141,800,000",0,0
"383","2022","0","기획재정부","일반회계","","내국세","기타내국세","과년도수입","일반수입","6,154,900,000",0,0
"384","2022","0","기획재정부","일반회계","","내국세","법인세","법인세","일반수입","74,938,000,000",0,0
"385","2022","0","기획재정부","일반회계","","내국세","부가가치세","부가가치세","일반수입","77,478,600,000",0,0
"386","2022","0","기획재정부","일반회계","","내국세","상속세","상속세","일반수입","6,088,000,000",0,0
"387","2022","0","기획재정부","일반회계","","내국세","상속세","증여세","일반수입","7,038,000,000",0,0
"388","2022","0","기획재정부","일반회계","","내국세","소득세","신고분","일반수입","43,996,700,000",0,0
"389","2022","0","기획재정부","일반회계","","내국세","소득세","원천분","일반수입","61,805,000,000",0,0
"390","2022","0","기획재정부","일반회계","","내국세","인지세","인지세","일반수입","948,000,000",0,0
"391","2022","0","기획재정부","일반회계","","내국세","증권거래세","증권거래세","일반수입","7,538,000,000",0,0
"392","2022","0","기획재정부","일반회계","","재산수입","기타이자수입및재산수입","기타재산이자수입","일반수입","1,321,000",0,0
"393","2022","0","기획재정부","일반회계","","재산수입","기타이자수입및재산수입","한국은행잉여금","일반수입","4,031,469,000",0,0
"394","2022","0","기획재정부","일반회계","","재산수입","정부출자수입","정부출자수입","일반수입","858,200,000",0,0
"395","2022","0","기획재정부","일반회계","","재화및용역판매수입","잡수입","기타잡수입","일반수입","2,000",0,0
"396","2022","0","기획재정부","일반회계","","정부내부수입및기타","예수금","기금예수금","내부거래수입(기금=>예산간거래)","76,175,866,000",0,0
"397","2022","0","기획재정부","일반회계","","정부내부수입및기타","전입금","특별회계전입금","내부거래수입(회계간거래)","166,111,000",0,0
"398","2022","0","기획재정부","일반회계","","종합부동산세","종합부동산세","종합부동산세","일반수입","7,382,800,000",0,0
"399","2022","0","농림축산식품부","국가균형발전특별회계","지역자율계정","경상이전수입","기타경상이전수입","기타경상이전수입","일반수입","12,947,000",0,0
"400","2022","0","농림축산식품부","국가균형발전특별회계","지역자율계정","재산수입","기타이자수입및재산수입","기타재산이자수입","일반수입","231,000",0,0
"401","2022","0","농림축산식품부","국가균형발전특별회계","지역지원계정","경상이전수입","기타경상이전수입","기타경상이전수입","일반수입","1,827,000",0,0
"402","2022","0","농림축산식품부","농어촌구조개선특별회계","구조개선사업계정","경상이전수입","기타경상이전수입","기타경상이전수입","일반수입","53,011,000",0,0
"403","2022","0","농림축산식품부","농어촌구조개선특별회계","구조개선사업계정","경상이전수입","기타경상이전수입","법정부담금","일반수입","1,411,000",0,0
"404","2022","0","농림축산식품부","농어촌구조개선특별회계","구조개선사업계정","경상이전수입","벌금,몰수금및과태료","과태료","일반수입","3,000",0,0
"405","2022","0","농림축산식품부","농어촌구조개선특별회계","구조개선사업계정","경상이전수입","변상금및위약금","위약금","일반수입","121,000",0,0
"406","2022","0","농림축산식품부","농어촌구조개선특별회계","구조개선사업계정","관유물매각대","고정자산매각대","기계기구매각대","일반수입","8,000",0,0
"407","2022","0","농림축산식품부","농어촌구조개선특별회계","구조개선사업계정","관유물매각대","고정자산매각대","기타고정자산매각대","일반수입","12,000",0,0
"408","2022","0","농림축산식품부","농어촌구조개선특별회계","구조개선사업계정","관유물매각대","재고자산매각대및유동자산","유동자산매각대","일반수입","12,000",0,0
"409","2022","0","농림축산식품부","농어촌구조개선특별회계","구조개선사업계정","관유물매각대","재고자산매각대및유동자산","재고자산매각대","일반수입","12,000",0,0
"410","2022","0","농림축산식품부","농어촌구조개선특별회계","구조개선사업계정","관유물매각대","토지및무형자산매각대","토지매각대","일반수입","191,000",0,0
"411","2022","0","농림축산식품부","농어촌구조개선특별회계","구조개선사업계정","융자및전대차관원금회수","융자원금회수","기타민간융자원금회수","일반수입","178,900,000",0,0
"412","2022","0","농림축산식품부","농어촌구조개선특별회계","구조개선사업계정","재산수입","기타이자수입및재산수입","기타민간이자수입","일반수입","9,733,000",0,0
"413","2022","0","농림축산식품부","농어촌구조개선특별회계","구조개선사업계정","재산수입","기타이자수입및재산수입","기타재산이자수입","일반수입","873,000",0,0
"414","2022","0","농림축산식품부","농어촌구조개선특별회계","구조개선사업계정","재화및용역판매수입","면허료및수수료","면허료및수수료","일반수입","1,383,000",0,0
"415","2022","0","농림축산식품부","농어촌구조개선특별회계","구조개선사업계정","재화및용역판매수입","잡수입","기타잡수입","일반수입","46,000",0,0
"416","2022","0","농림축산식품부","농어촌구조개선특별회계","구조개선사업계정","정부내부수입및기타","전입금","계정간전입금","내부거래수입(회계내 계정간 거래)","2,111,306,000",0,0
"417","2022","0","농림축산식품부","농어촌구조개선특별회계","구조개선사업계정","정부내부수입및기타","전입금","일반회계전입금","내부거래수입(회계간거래)","3,092,330,000",0,0
"418","2022","0","농림축산식품부","농어촌구조개선특별회계","농어촌특별세사업계정","경상이전수입","기타경상이전수입","기타경상이전수입","일반수입","44,430,000",0,0
"419","2022","0","농림축산식품부","농어촌구조개선특별회계","농어촌특별세사업계정","농어촌특별세","농어촌특별세","농어촌특별세","일반수입","6,680,200,000",0,0
"420","2022","0","농림축산식품부","농어촌구조개선특별회계","농어촌특별세사업계정","융자및전대차관원금회수","융자원금회수","기타민간융자원금회수","일반수입","7,739,000",0,0
"421","2022","0","농림축산식품부","농어촌구조개선특별회계","농어촌특별세사업계정","재산수입","기타이자수입및재산수입","기타민간이자수입","일반수입","1,364,000",0,0
"422","2022","0","농림축산식품부","농어촌구조개선특별회계","농어촌특별세사업계정","재산수입","기타이자수입및재산수입","기타재산이자수입","일반수입","1,565,000",0,0
"423","2022","0","농림축산식품부","농어촌구조개선특별회계","농어촌특별세사업계정","재화및용역판매수입","잡수입","기타잡수입","일반수입","175,000",0,0
"424","2022","0","농림축산식품부","농어촌구조개선특별회계","농어촌특별세사업계정","정부내부수입및기타","전입금","기금전입금","내부거래수입(기금=>예산간거래)","203,533,000",0,0
"425","2022","0","농림축산식품부","양곡관리특별회계","손익계정","기업특별회계영업수입","양곡사업수입","미곡판매수입","일반수입","427,856,000",0,0
"426","2022","0","농림축산식품부","양곡관리특별회계","손익계정","기업특별회계영업수입","양곡사업수입","부산물기타판매수입료","일반수입","4,389,000",0,0
"427","2022","0","농림축산식품부","양곡관리특별회계","손익계정","세계잉여금","세계잉여금이입액","전년도세계잉여금","보전수입","27,402,000",0,0
"428","2022","0","농림축산식품부","양곡관리특별회계","손익계정","재화및용역판매수입","잡수입","기타잡수입","일반수입","9,754,000",0,0
"429","2022","0","농림축산식품부","양곡관리특별회계","손익계정","정부내부수입및기타","전입금","일반회계전입금","내부거래수입(회계간거래)","1,773,419,000",0,0
"430","2022","0","농림축산식품부","에너지및자원사업특별회계","융자계정","융자및전대차관원금회수","융자원금회수","기타민간융자원금회수","일반수입","21,481,000",0,0
"431","2022","0","농림축산식품부","에너지및자원사업특별회계","융자계정","재산수입","기타이자수입및재산수입","기타민간이자수입","일반수입","553,000",0,0
"432","2022","0","농림축산식품부","에너지및자원사업특별회계","투자계정","경상이전수입","기타경상이전수입","기타경상이전수입","일반수입","20,911,000",0,0
"433","2022","0","농림축산식품부","에너지및자원사업특별회계","투자계정","재산수입","기타이자수입및재산수입","기타재산이자수입","일반수입","4,000",0,0
"434","2022","0","농림축산식품부","일반회계","","경상이전수입","가산금","가산금","일반수입","25,000",0,0
"435","2022","0","농림축산식품부","일반회계","","경상이전수입","기타경상이전수입","기타경상이전수입","일반수입","13,922,000",0,0
"436","2022","0","농림축산식품부","일반회계","","경상이전수입","벌금,몰수금및과태료","과징금","일반수입","287,000",0,0
"437","2022","0","농림축산식품부","일반회계","","경상이전수입","벌금,몰수금및과태료","과태료","일반수입","1,456,000",0,0
"438","2022","0","농림축산식품부","일반회계","","경상이전수입","변상금및위약금","변상금","일반수입","672,000",0,0
"439","2022","0","농림축산식품부","일반회계","","경상이전수입","변상금및위약금","위약금","일반수입","206,000",0,0
"440","2022","0","농림축산식품부","일반회계","","관유물매각대","고정자산매각대","기타고정자산매각대","일반수입","50,000",0,0
"441","2022","0","농림축산식품부","일반회계","","관유물매각대","재고자산매각대및유동자산","재고자산매각대","일반수입","10,000",0,0
"442","2022","0","농림축산식품부","일반회계","","관유물매각대","토지및무형자산매각대","토지매각대","일반수입","1,000",0,0
"443","2022","0","농림축산식품부","일반회계","","수입대체경비수입","입학금및수업료","수업료","일반수입","371,000",0,0
"444","2022","0","농림축산식품부","일반회계","","수입대체경비수입","잡수입","기타잡수입","일반수입","773,000",0,0
"445","2022","0","농림축산식품부","일반회계","","재산수입","관유물대여료","건물대여료","일반수입","210,000",0,0
"446","2022","0","농림축산식품부","일반회계","","재산수입","관유물대여료","기타관유물대여료","일반수입","10,000",0,0
"447","2022","0","농림축산식품부","일반회계","","재산수입","관유물대여료","토지대여료","일반수입","508,000",0,0
"448","2022","0","농림축산식품부","일반회계","","재산수입","기타이자수입및재산수입","기타재산이자수입","일반수입","22,000",0,0
"449","2022","0","농림축산식품부","일반회계","","재화및용역판매수입","면허료및수수료","면허료및수수료","일반수입","2,000,000",0,0
"450","2022","0","농림축산식품부","일반회계","","재화및용역판매수입","실습수입","실습수입","일반수입","14,000",0,0
"451","2022","0","농림축산식품부","일반회계","","재화및용역판매수입","입학금및수업료","수업료","일반수입","38,000",0,0
"452","2022","0","농림축산식품부","일반회계","","재화및용역판매수입","잡수입","기타잡수입","일반수입","135,000",0,0
"453","2022","0","농촌진흥청","국가균형발전특별회계","세종특별자치시계정","경상이전수입","기타경상이전수입","기타경상이전수입","일반수입","12,000",0,0
"454","2022","0","농촌진흥청","국가균형발전특별회계","제주특별자치도계정","경상이전수입","기타경상이전수입","기타경상이전수입","일반수입","150,000",0,0
"455","2022","0","농촌진흥청","국가균형발전특별회계","지역자율계정","경상이전수입","기타경상이전수입","기타경상이전수입","일반수입","1,936,000",0,0
"456","2022","0","농촌진흥청","국가균형발전특별회계","지역자율계정","재산수입","기타이자수입및재산수입","기타재산이자수입","일반수입","24,000",0,0
"457","2022","0","농촌진흥청","국가균형발전특별회계","지역지원계정","경상이전수입","기타경상이전수입","기타경상이전수입","일반수입","787,000",0,0
"458","2022","0","농촌진흥청","국가균형발전특별회계","지역지원계정","재산수입","기타이자수입및재산수입","기타재산이자수입","일반수입","25,000",0,0
"459","2022","0","농촌진흥청","농어촌구조개선특별회계","구조개선사업계정","경상이전수입","기타경상이전수입","기타경상이전수입","일반수입","1,260,000",0,0
"460","2022","0","농촌진흥청","농어촌구조개선특별회계","구조개선사업계정","재산수입","기타이자수입및재산수입","기타재산이자수입","일반수입","458,000",0,0
"461","2022","0","농촌진흥청","일반회계","","경상이전수입","기타경상이전수입","기타경상이전수입","일반수입","7,550,000",0,0
"462","2022","0","농촌진흥청","일반회계","","경상이전수입","변상금및위약금","위약금","일반수입","119,000",0,0
"463","2022","0","농촌진흥청","일반회계","","관유물매각대","고정자산매각대","기타고정자산매각대","일반수입","128,000",0,0
"464","2022","0","농촌진흥청","일반회계","","관유물매각대","재고자산매각대및유동자산","유동자산매각대","일반수입","5,000",0,0
"465","2022","0","농촌진흥청","일반회계","","수입대체경비수입","면허료및수수료","면허료및수수료","일반수입","78,000",0,0
"466","2022","0","농촌진흥청","일반회계","","재산수입","관유물대여료","건물대여료","일반수입","29,000",0,0
"467","2022","0","농촌진흥청","일반회계","","재산수입","관유물대여료","기타관유물대여료","일반수입","15,000",0,0
"468","2022","0","농촌진흥청","일반회계","","재산수입","관유물대여료","토지대여료","일반수입","17,000",0,0
"469","2022","0","농촌진흥청","일반회계","","재산수입","기타이자수입및재산수입","기타재산이자수입","일반수입","180,000",0,0
"470","2022","0","농촌진흥청","일반회계","","재산수입","기타이자수입및재산수입","기타재산이자외수입","일반수입","448,000",0,0
"471","2022","0","농촌진흥청","일반회계","","재화및용역판매수입","면허료및수수료","면허료및수수료","일반수입","29,000",0,0
"472","2022","0","농촌진흥청","일반회계","","재화및용역판매수입","실습수입","실습수입","일반수입","2,840,000",0,0
"473","2022","0","농촌진흥청","일반회계","","재화및용역판매수입","잡수입","기타잡수입","일반수입","224,000",0,0
"474","2022","0","농촌진흥청","혁신도시건설특별회계","","관유물매각대","토지및무형자산매각대","입목죽매각대","일반수입","24,000",0,0
"475","2022","0","농촌진흥청","혁신도시건설특별회계","","관유물매각대","토지및무형자산매각대","토지매각대","일반수입","1,185,000",0,0
"476","2022","0","농촌진흥청","혁신도시건설특별회계","","재산수입","기타이자수입및재산수입","기타재산이자수입","일반수입","18,000",0,0
"477","2022","0","대법원","등기특별회계","","경상이전수입","기타경상이전수입","기타경상이전수입","일반수입","20,000",0,0
"478","2022","0","대법원","등기특별회계","","관유물매각대","고정자산매각대","건물매각대","일반수입","1,389,000",0,0
"479","2022","0","대법원","등기특별회계","","관유물매각대","고정자산매각대","기타고정자산매각대","일반수입","17,000",0,0
"480","2022","0","대법원","등기특별회계","","관유물매각대","토지및무형자산매각대","토지매각대","일반수입","10,261,000",0,0
"481","2022","0","대법원","등기특별회계","","세계잉여금","세계잉여금이입액","전년도세계잉여금","보전수입","35,175,000",0,0
"482","2022","0","대법원","등기특별회계","","재산수입","관유물대여료","건물대여료","일반수입","192,000",0,0
"483","2022","0","대법원","등기특별회계","","재산수입","관유물대여료","토지대여료","일반수입","100,000",0,0
"484","2022","0","대법원","등기특별회계","","재산수입","기타이자수입및재산수입","기타재산이자수입","일반수입","155,000",0,0
"485","2022","0","대법원","등기특별회계","","재화및용역판매수입","면허료및수수료","면허료및수수료","일반수입","258,087,000",0,0
"486","2022","0","대법원","등기특별회계","","재화및용역판매수입","잡수입","기타잡수입","일반수입","7,000",0,0
"487","2022","0","대법원","일반회계","","경상이전수입","기타경상이전수입","기타경상이전수입","일반수입","145,051,000",0,0
"488","2022","0","대법원","일반회계","","경상이전수입","벌금,몰수금및과태료","몰수금및추징금","일반수입","105,000",0,0
"489","2022","0","대법원","일반회계","","경상이전수입","변상금및위약금","변상금","일반수입","247,000",0,0
"490","2022","0","대법원","일반회계","","재산수입","관유물대여료","건물대여료","일반수입","2,970,000",0,0
"491","2022","0","대법원","일반회계","","재산수입","관유물대여료","토지대여료","일반수입","908,000",0,0
"492","2022","0","대법원","일반회계","","재화및용역판매수입","면허료및수수료","면허료및수수료","일반수입","284,308,000",0,0
"493","2022","0","대법원","일반회계","","재화및용역판매수입","잡수입","기타잡수입","일반수입","153,000",0,0
"494","2022","0","대법원","일반회계","","정부내부수입및기타","전입금","특별회계전입금","내부거래수입(회계간거래)","49,493,000",0,0
"495","2022","0","대통령경호처","일반회계","","재산수입","관유물대여료","건물대여료","일반수입","41,000",0,0
"496","2022","0","대통령경호처","일반회계","","재산수입","관유물대여료","토지대여료","일반수입","14,000",0,0
"497","2022","0","대통령경호처","일반회계","","재화및용역판매수입","면허료및수수료","면허료및수수료","일반수입","7,000",0,0
"498","2022","0","대통령경호처","일반회계","","재화및용역판매수입","잡수입","기타잡수입","일반수입","13,000",0,0
"499","2022","0","대통령비서실 및 국가안보실","일반회계","","경상이전수입","기타경상이전수입","기타경상이전수입","일반수입","120,000",0,0
"500","2022","0","대통령비서실 및 국가안보실","일반회계","","재산수입","관유물대여료","건물대여료","일반수입","157,000",0,0
"501","2022","0","대통령비서실 및 국가안보실","일반회계","","재화및용역판매수입","잡수입","기타잡수입","일반수입","20,000",0,0
"502","2022","0","문화재청","일반회계","","경상이전수입","기타경상이전수입","기타경상이전수입","일반수입","30,000,000",0,0
"503","2022","0","문화재청","일반회계","","경상이전수입","변상금및위약금","변상금","일반수입","3,506,000",0,0
"504","2022","0","문화재청","일반회계","","경상이전수입","변상금및위약금","위약금","일반수입","100,000",0,0
"505","2022","0","문화재청","일반회계","","수입대체경비수입","입장료수입","입장료수입","일반수입","15,468,000",0,0
"506","2022","0","문화재청","일반회계","","수입대체경비수입","잡수입","기타잡수입","일반수입","100,000",0,0
"507","2022","0","문화재청","일반회계","","재산수입","관유물대여료","건물대여료","일반수입","1,737,000",0,0
"508","2022","0","문화재청","일반회계","","재산수입","관유물대여료","기타관유물대여료","일반수입","13,000",0,0
"509","2022","0","문화재청","일반회계","","재산수입","관유물대여료","토지대여료","일반수입","1,951,000",0,0
"510","2022","0","문화재청","일반회계","","재산수입","기타이자수입및재산수입","기타재산이자수입","일반수입","2,000,000",0,0
"511","2022","0","문화재청","일반회계","","재화및용역판매수입","잡수입","기타잡수입","일반수입","100,000",0,0
"512","2022","0","문화체육관광부","국가균형발전특별회계","세종특별자치시계정","경상이전수입","기타경상이전수입","기타경상이전수입","일반수입","6,000",0,0
"513","2022","0","문화체육관광부","국가균형발전특별회계","제주특별자치도계정","경상이전수입","기타경상이전수입","기타경상이전수입","일반수입","2,000",0,0
"514","2022","0","문화체육관광부","국가균형발전특별회계","지역자율계정","경상이전수입","기타경상이전수입","기타경상이전수입","일반수입","12,518,000",0,0
"515","2022","0","문화체육관광부","국가균형발전특별회계","지역지원계정","경상이전수입","기타경상이전수입","기타경상이전수입","일반수입","9,326,000",0,0
"516","2022","0","문화체육관광부","아시아문화중심도시조성특별회계","","경상이전수입","기타경상이전수입","기타경상이전수입","일반수입","490,000",0,0
"517","2022","0","문화체육관광부","아시아문화중심도시조성특별회계","","세계잉여금","세계잉여금이입액","전년도세계잉여금","보전수입","10,845,000",0,0
"518","2022","0","문화체육관광부","아시아문화중심도시조성특별회계","","재산수입","관유물대여료","건물대여료","일반수입","64,000",0,0
"519","2022","0","문화체육관광부","아시아문화중심도시조성특별회계","","재산수입","기타이자수입및재산수입","기타재산이자수입","일반수입","220,000",0,0
"520","2022","0","문화체육관광부","아시아문화중심도시조성특별회계","","재화및용역판매수입","입장료수입","입장료수입","일반수입","250,000",0,0
"521","2022","0","문화체육관광부","아시아문화중심도시조성특별회계","","정부내부수입및기타","전입금","일반회계전입금","내부거래수입(회계간거래)","131,007,000",0,0
"522","2022","0","문화체육관광부","일반회계","","경상이전수입","기타경상이전수입","기타경상이전수입","일반수입","40,351,000",0,0
"523","2022","0","문화체육관광부","일반회계","","재산수입","관유물대여료","건물대여료","일반수입","2,611,000",0,0
"524","2022","0","문화체육관광부","일반회계","","재산수입","관유물대여료","기타관유물대여료","일반수입","828,000",0,0
"525","2022","0","문화체육관광부","일반회계","","재산수입","관유물대여료","토지대여료","일반수입","831,000",0,0
"526","2022","0","문화체육관광부","일반회계","","재산수입","기타이자수입및재산수입","기타재산이자수입","일반수입","3,304,000",0,0
"527","2022","0","문화체육관광부","일반회계","","재화및용역판매수입","면허료및수수료","면허료및수수료","일반수입","843,000",0,0
"528","2022","0","문화체육관광부","일반회계","","재화및용역판매수입","입장료수입","입장료수입","일반수입","4,256,000",0,0
"529","2022","0","문화체육관광부","일반회계","","재화및용역판매수입","잡수입","기타잡수입","일반수입","7,489,000",0,0
"530","2022","0","민주평화통일자문회의","일반회계","","경상이전수입","기타경상이전수입","기타경상이전수입","일반수입","2,000",0,0
"531","2022","0","민주평화통일자문회의","일반회계","","재산수입","기타이자수입및재산수입","기타재산이자수입","일반수입","3,000",0,0
"532","2022","0","방송통신위원회","일반회계","","경상이전수입","가산금","가산금","일반수입","50,000",0,0
"533","2022","0","방송통신위원회","일반회계","","경상이전수입","기타경상이전수입","기타경상이전수입","일반수입","703,000",0,0
"534","2022","0","방송통신위원회","일반회계","","경상이전수입","벌금,몰수금및과태료","과징금","일반수입","26,183,000",0,0
"535","2022","0","방송통신위원회","일반회계","","경상이전수입","벌금,몰수금및과태료","과태료","일반수입","4,080,000",0,0
"536","2022","0","방송통신위원회","일반회계","","경상이전수입","벌금,몰수금및과태료","벌금및과료","일반수입","6,000",0,0
"537","2022","0","방송통신위원회","일반회계","","재산수입","기타이자수입및재산수입","기타재산이자수입","일반수입","49,000",0,0
"538","2022","0","방송통신위원회","일반회계","","재화및용역판매수입","면허료및수수료","면허료및수수료","일반수입","37,000",0,0
"539","2022","0","방송통신위원회","일반회계","","재화및용역판매수입","잡수입","기타잡수입","일반수입","1,000",0,0
"540","2022","0","방위사업청","일반회계","","경상이전수입","기타경상이전수입","기타경상이전수입","일반수입","149,242,000",0,0
"541","2022","0","방위사업청","일반회계","","경상이전수입","변상금및위약금","위약금","일반수입","164,655,000",0,0
"542","2022","0","방위사업청","일반회계","","재산수입","관유물대여료","기타관유물대여료","일반수입","860,000",0,0
"543","2022","0","방위사업청","일반회계","","재산수입","기타이자수입및재산수입","기타재산이자수입","일반수입","5,394,000",0,0
"544","2022","0","방위사업청","일반회계","","재산수입","기타이자수입및재산수입","기타재산이자외수입","일반수입","2,904,000",0,0
"545","2022","0","방위사업청","일반회계","","재화및용역판매수입","면허료및수수료","면허료및수수료","일반수입","75,000",0,0
"546","2022","0","방위사업청","일반회계","","재화및용역판매수입","잡수입","기타잡수입","일반수입","13,000",0,0
"547","2022","0","방위사업청","일반회계","","정부내부수입및기타","전입금","기금전입금","내부거래수입(기금=>예산간거래)","192,000",0,0
"548","2022","0","법무부","교도작업특별회계","","세계잉여금","세계잉여금이입액","전년도세계잉여금","보전수입","9,840,000",0,0
"549","2022","0","법무부","교도작업특별회계","","재화및용역판매수입","교도소수입","교도소수입","일반수입","64,343,000",0,0
"550","2022","0","법무부","교도작업특별회계","","재화및용역판매수입","잡수입","기타잡수입","일반수입","369,000",0,0
"551","2022","0","법무부","교도작업특별회계","","정부내부수입및기타","예탁원금회수","기금예탁원금회수","내부거래수입(기금=>예산간거래)","45,000,000",0,0
"552","2022","0","법무부","교도작업특별회계","","정부내부수입및기타","예탁이자수입","기금예탁이자수입","내부거래수입(기금=>예산간거래)","2,019,000",0,0
"553","2022","0","법무부","일반회계","","경상이전수입","가산금","가산금","일반수입","246,000",0,0
"554","2022","0","법무부","일반회계","","경상이전수입","기타경상이전수입","기타경상이전수입","일반수입","7,980,000",0,0
"555","2022","0","법무부","일반회계","","경상이전수입","벌금,몰수금및과태료","과태료","일반수입","12,167,000",0,0
"556","2022","0","법무부","일반회계","","경상이전수입","벌금,몰수금및과태료","몰수금및추징금","일반수입","119,651,000",0,0
"557","2022","0","법무부","일반회계","","경상이전수입","벌금,몰수금및과태료","벌금및과료","일반수입","1,177,457,000",0,0
"558","2022","0","법무부","일반회계","","경상이전수입","벌금,몰수금및과태료","징계부과금","일반수입","283,000",0,0
"559","2022","0","법무부","일반회계","","경상이전수입","변상금및위약금","변상금","일반수입","336,000",0,0
"560","2022","0","법무부","일반회계","","경상이전수입","변상금및위약금","위약금","일반수입","687,000",0,0
"561","2022","0","법무부","일반회계","","수입대체경비수입","면허료및수수료","면허료및수수료","일반수입","15,459,000",0,0
"562","2022","0","법무부","일반회계","","수입대체경비수입","잡수입","기타잡수입","일반수입","603,000",0,0
"563","2022","0","법무부","일반회계","","재산수입","관유물대여료","건물대여료","일반수입","703,000",0,0
"564","2022","0","법무부","일반회계","","재산수입","관유물대여료","기타관유물대여료","일반수입","17,000",0,0
"565","2022","0","법무부","일반회계","","재산수입","관유물대여료","토지대여료","일반수입","699,000",0,0
"566","2022","0","법무부","일반회계","","재산수입","기타이자수입및재산수입","기타재산이자수입","일반수입","319,000",0,0
"567","2022","0","법무부","일반회계","","재화및용역판매수입","면허료및수수료","면허료및수수료","일반수입","18,263,000",0,0
"568","2022","0","법무부","일반회계","","재화및용역판매수입","잡수입","기타잡수입","일반수입","886,000",0,0
"569","2022","0","병무청","일반회계","","경상이전수입","기타경상이전수입","기타경상이전수입","일반수입","75,000",0,0
"570","2022","0","병무청","일반회계","","경상이전수입","벌금,몰수금및과태료","과태료","일반수입","5,000",0,0
"571","2022","0","병무청","일반회계","","경상이전수입","변상금및위약금","위약금","일반수입","4,000",0,0
"572","2022","0","병무청","일반회계","","관유물매각대","고정자산매각대","기타고정자산매각대","일반수입","105,000",0,0
"573","2022","0","병무청","일반회계","","재산수입","관유물대여료","건물대여료","일반수입","94,000",0,0
"574","2022","0","병무청","일반회계","","재산수입","관유물대여료","기타관유물대여료","일반수입","15,000",0,0
"575","2022","0","병무청","일반회계","","재산수입","관유물대여료","토지대여료","일반수입","1,000",0,0
"576","2022","0","병무청","일반회계","","재화및용역판매수입","잡수입","기타잡수입","일반수입","3,000",0,0
"577","2022","0","보건복지부","국가균형발전특별회계","지역지원계정","경상이전수입","기타경상이전수입","기타경상이전수입","일반수입","17,500,000",0,0
"578","2022","0","보건복지부","국립공주병원","손익계정","경상이전수입","기타경상이전수입","기타경상이전수입","일반수입","6,000",0,0
"579","2022","0","보건복지부","국립공주병원","손익계정","관유물매각대","고정자산매각대","기타고정자산매각대","일반수입","2,000",0,0
"580","2022","0","보건복지부","국립공주병원","손익계정","기업특별회계영업수입","책임운영기관사업수입","책임운영기관사업수입","일반수입","3,445,000",0,0
"581","2022","0","보건복지부","국립공주병원","손익계정","세계잉여금","세계잉여금이입액","전년도세계잉여금","보전수입","441,000",0,0
"582","2022","0","보건복지부","국립공주병원","손익계정","수입대체경비수입","잡수입","기타잡수입","일반수입","92,000",0,0
"583","2022","0","보건복지부","국립공주병원","손익계정","재산수입","관유물대여료","건물대여료","일반수입","25,000",0,0
"584","2022","0","보건복지부","국립공주병원","손익계정","재화및용역판매수입","잡수입","기타영업외잡수익","일반수입","20,000",0,0
"585","2022","0","보건복지부","국립공주병원","손익계정","재화및용역판매수입","잡수입","기타잡수입","일반수입","20,000",0,0
"586","2022","0","보건복지부","국립공주병원","손익계정","정부내부수입및기타","전입금","일반회계전입금","내부거래수입(회계간거래)","12,440,000",0,0
"587","2022","0","보건복지부","국립공주병원","자본계정","세계잉여금","세계잉여금이입액","전년도세계잉여금","보전수입","28,000",0,0
"588","2022","0","보건복지부","국립공주병원","자본계정","정부내부수입및기타","기타","감가상각비전입금","내부거래수입(회계내 계정간 거래)","1,000",0,0
"589","2022","0","보건복지부","국립공주병원","자본계정","정부내부수입및기타","기타","당기순이익전입금","내부거래수입(회계내 계정간 거래)","1,000",0,0
"590","2022","0","보건복지부","국립공주병원","자본계정","정부내부수입및기타","전입금","일반회계전입금","내부거래수입(회계간거래)","1,093,000",0,0
"591","2022","0","보건복지부","국립나주병원","손익계정","관유물매각대","고정자산매각대","기타고정자산매각대","일반수입","2,000",0,0
"592","2022","0","보건복지부","국립나주병원","손익계정","기업특별회계영업수입","책임운영기관사업수입","책임운영기관사업수입","일반수입","6,425,000",0,0
"593","2022","0","보건복지부","국립나주병원","손익계정","세계잉여금","세계잉여금이입액","전년도세계잉여금","보전수입","606,000",0,0
"594","2022","0","보건복지부","국립나주병원","손익계정","수입대체경비수입","잡수입","기타잡수입","일반수입","177,000",0,0
"595","2022","0","보건복지부","국립나주병원","손익계정","재산수입","관유물대여료","건물대여료","일반수입","1,000",0,0
"596","2022","0","보건복지부","국립나주병원","손익계정","재산수입","기타이자수입및재산수입","기타재산이자수입","일반수입","1,000",0,0
"597","2022","0","보건복지부","국립나주병원","손익계정","재화및용역판매수입","면허료및수수료","면허료및수수료","일반수입","1,000",0,0
"598","2022","0","보건복지부","국립나주병원","손익계정","재화및용역판매수입","잡수입","기타잡수입","일반수입","13,000",0,0
"599","2022","0","보건복지부","국립나주병원","손익계정","정부내부수입및기타","전입금","일반회계전입금","내부거래수입(회계간거래)","14,658,000",0,0
"600","2022","0","보건복지부","국립나주병원","자본계정","세계잉여금","세계잉여금이입액","전년도세계잉여금","보전수입","47,000",0,0
"601","2022","0","보건복지부","국립나주병원","자본계정","정부내부수입및기타","기타","감가상각비전입금","내부거래수입(회계내 계정간 거래)","1,000",0,0
"602","2022","0","보건복지부","국립나주병원","자본계정","정부내부수입및기타","기타","당기순이익전입금","내부거래수입(회계내 계정간 거래)","1,000",0,0
"603","2022","0","보건복지부","국립나주병원","자본계정","정부내부수입및기타","전입금","일반회계전입금","내부거래수입(회계간거래)","1,502,000",0,0
"604","2022","0","보건복지부","국립부곡병원","손익계정","경상이전수입","기타경상이전수입","기타경상이전수입","일반수입","2,000",0,0
"605","2022","0","보건복지부","국립부곡병원","손익계정","기업특별회계영업수입","책임운영기관사업수입","책임운영기관사업수입","일반수입","5,215,000",0,0
"606","2022","0","보건복지부","국립부곡병원","손익계정","세계잉여금","세계잉여금이입액","전년도세계잉여금","보전수입","876,000",0,0
"607","2022","0","보건복지부","국립부곡병원","손익계정","수입대체경비수입","잡수입","기타잡수입","일반수입","57,000",0,0
"608","2022","0","보건복지부","국립부곡병원","손익계정","재산수입","관유물대여료","건물대여료","일반수입","12,000",0,0
"609","2022","0","보건복지부","국립부곡병원","손익계정","재산수입","기타이자수입및재산수입","기타재산이자수입","일반수입","2,000",0,0
"610","2022","0","보건복지부","국립부곡병원","손익계정","재화및용역판매수입","잡수입","기타잡수입","일반수입","67,000",0,0
"611","2022","0","보건복지부","국립부곡병원","손익계정","정부내부수입및기타","전입금","일반회계전입금","내부거래수입(회계간거래)","13,878,000",0,0
"612","2022","0","보건복지부","국립부곡병원","자본계정","세계잉여금","세계잉여금이입액","전년도세계잉여금","보전수입","51,000",0,0
"613","2022","0","보건복지부","국립부곡병원","자본계정","정부내부수입및기타","기타","감가상각비전입금","내부거래수입(회계내 계정간 거래)","1,000",0,0
"614","2022","0","보건복지부","국립부곡병원","자본계정","정부내부수입및기타","기타","당기순이익전입금","내부거래수입(회계내 계정간 거래)","1,000",0,0
"615","2022","0","보건복지부","국립부곡병원","자본계정","정부내부수입및기타","전입금","일반회계전입금","내부거래수입(회계간거래)","1,403,000",0,0
"616","2022","0","보건복지부","국립재활원","손익계정","기업특별회계영업수입","책임운영기관사업수입","책임운영기관사업수입","일반수입","13,317,000",0,0
"617","2022","0","보건복지부","국립재활원","손익계정","세계잉여금","세계잉여금이입액","전년도세계잉여금","보전수입","4,256,000",0,0
"618","2022","0","보건복지부","국립재활원","손익계정","수입대체경비수입","잡수입","기타잡수입","일반수입","406,000",0,0
"619","2022","0","보건복지부","국립재활원","손익계정","재산수입","관유물대여료","건물대여료","일반수입","48,000",0,0
"620","2022","0","보건복지부","국립재활원","손익계정","재산수입","기타이자수입및재산수입","기타재산이자수입","일반수입","3,000",0,0
"621","2022","0","보건복지부","국립재활원","손익계정","재화및용역판매수입","잡수입","기타영업외잡수익","일반수입","30,000",0,0
"622","2022","0","보건복지부","국립재활원","손익계정","재화및용역판매수입","잡수입","기타잡수입","일반수입","130,000",0,0
"623","2022","0","보건복지부","국립재활원","손익계정","정부내부수입및기타","전입금","일반회계전입금","내부거래수입(회계간거래)","36,835,000",0,0
"624","2022","0","보건복지부","국립재활원","자본계정","세계잉여금","세계잉여금이입액","전년도세계잉여금","보전수입","487,000",0,0
"625","2022","0","보건복지부","국립재활원","자본계정","정부내부수입및기타","기타","감가상각비전입금","내부거래수입(회계내 계정간 거래)","1,000",0,0
"626","2022","0","보건복지부","국립재활원","자본계정","정부내부수입및기타","기타","당기순이익전입금","내부거래수입(회계내 계정간 거래)","1,000",0,0
"627","2022","0","보건복지부","국립재활원","자본계정","정부내부수입및기타","전입금","일반회계전입금","내부거래수입(회계간거래)","2,412,000",0,0
"628","2022","0","보건복지부","국립정신건강센터","손익계정","경상이전수입","기타경상이전수입","기타경상이전수입","일반수입","1,000",0,0
"629","2022","0","보건복지부","국립정신건강센터","손익계정","경상이전수입","변상금및위약금","위약금","일반수입","3,000",0,0
"630","2022","0","보건복지부","국립정신건강센터","손익계정","기업특별회계영업수입","책임운영기관사업수입","책임운영기관사업수입","일반수입","10,497,000",0,0
"631","2022","0","보건복지부","국립정신건강센터","손익계정","세계잉여금","세계잉여금이입액","전년도세계잉여금","보전수입","7,146,000",0,0
"632","2022","0","보건복지부","국립정신건강센터","손익계정","수입대체경비수입","잡수입","기타잡수입","일반수입","358,000",0,0
"633","2022","0","보건복지부","국립정신건강센터","손익계정","재산수입","관유물대여료","건물대여료","일반수입","2,000",0,0
"634","2022","0","보건복지부","국립정신건강센터","손익계정","재산수입","관유물대여료","토지대여료","일반수입","4,000",0,0
"635","2022","0","보건복지부","국립정신건강센터","손익계정","재산수입","기타이자수입및재산수입","기타재산이자수입","일반수입","1,000",0,0
"636","2022","0","보건복지부","국립정신건강센터","손익계정","재화및용역판매수입","면허료및수수료","면허료및수수료","일반수입","1,000",0,0
"637","2022","0","보건복지부","국립정신건강센터","손익계정","재화및용역판매수입","잡수입","기타잡수입","일반수입","227,000",0,0
"638","2022","0","보건복지부","국립정신건강센터","손익계정","정부내부수입및기타","전입금","일반회계전입금","내부거래수입(회계간거래)","26,067,000",0,0
"639","2022","0","보건복지부","국립정신건강센터","자본계정","세계잉여금","세계잉여금이입액","전년도세계잉여금","보전수입","4,000",0,0
"640","2022","0","보건복지부","국립정신건강센터","자본계정","정부내부수입및기타","기타","감가상각비전입금","내부거래수입(회계내 계정간 거래)","1,000",0,0
"641","2022","0","보건복지부","국립정신건강센터","자본계정","정부내부수입및기타","기타","당기순이익전입금","내부거래수입(회계내 계정간 거래)","1,000",0,0
"642","2022","0","보건복지부","국립정신건강센터","자본계정","정부내부수입및기타","전입금","일반회계전입금","내부거래수입(회계간거래)","1,282,000",0,0
"643","2022","0","보건복지부","국립춘천병원","손익계정","기업특별회계영업수입","책임운영기관사업수입","책임운영기관사업수입","일반수입","4,006,000",0,0
"644","2022","0","보건복지부","국립춘천병원","손익계정","세계잉여금","세계잉여금이입액","전년도세계잉여금","보전수입","604,000",0,0
"645","2022","0","보건복지부","국립춘천병원","손익계정","수입대체경비수입","잡수입","기타잡수입","일반수입","33,000",0,0
"646","2022","0","보건복지부","국립춘천병원","손익계정","재산수입","관유물대여료","건물대여료","일반수입","3,000",0,0
"647","2022","0","보건복지부","국립춘천병원","손익계정","재산수입","관유물대여료","토지대여료","일반수입","3,000",0,0
"648","2022","0","보건복지부","국립춘천병원","손익계정","재화및용역판매수입","잡수입","기타잡수입","일반수입","50,000",0,0
"649","2022","0","보건복지부","국립춘천병원","손익계정","정부내부수입및기타","전입금","일반회계전입금","내부거래수입(회계간거래)","10,336,000",0,0
"650","2022","0","보건복지부","국립춘천병원","자본계정","세계잉여금","세계잉여금이입액","전년도세계잉여금","보전수입","22,000",0,0
"651","2022","0","보건복지부","국립춘천병원","자본계정","정부내부수입및기타","기타","감가상각비전입금","내부거래수입(회계내 계정간 거래)","1,000",0,0
"652","2022","0","보건복지부","국립춘천병원","자본계정","정부내부수입및기타","기타","당기순이익전입금","내부거래수입(회계내 계정간 거래)","1,000",0,0
"653","2022","0","보건복지부","국립춘천병원","자본계정","정부내부수입및기타","전입금","일반회계전입금","내부거래수입(회계간거래)","1,222,000",0,0
"654","2022","0","보건복지부","농어촌구조개선특별회계","농어촌특별세사업계정","융자및전대차관원금회수","융자원금회수","기타민간융자원금회수","일반수입","685,000",0,0
"655","2022","0","보건복지부","농어촌구조개선특별회계","농어촌특별세사업계정","재산수입","기타이자수입및재산수입","기타민간이자수입","일반수입","131,000",0,0
"656","2022","0","보건복지부","일반회계","","경상이전수입","기타경상이전수입","기타경상이전수입","일반수입","474,500,000",0,0
"657","2022","0","보건복지부","일반회계","","경상이전수입","벌금,몰수금및과태료","과징금","일반수입","26,129,000",0,0
"658","2022","0","보건복지부","일반회계","","경상이전수입","벌금,몰수금및과태료","과태료","일반수입","221,000",0,0
"659","2022","0","보건복지부","일반회계","","경상이전수입","변상금및위약금","변상금","일반수입","14,000",0,0
"660","2022","0","보건복지부","일반회계","","경상이전수입","변상금및위약금","위약금","일반수입","130,000",0,0
"661","2022","0","보건복지부","일반회계","","재산수입","관유물대여료","건물대여료","일반수입","249,000",0,0
"662","2022","0","보건복지부","일반회계","","재산수입","관유물대여료","기타관유물대여료","일반수입","1,000",0,0
"663","2022","0","보건복지부","일반회계","","재산수입","관유물대여료","토지대여료","일반수입","101,000",0,0
"664","2022","0","보건복지부","일반회계","","재산수입","기타이자수입및재산수입","기타재산이자수입","일반수입","9,792,000",0,0
"665","2022","0","보건복지부","일반회계","","재화및용역판매수입","면허료및수수료","면허료및수수료","일반수입","378,000",0,0
"666","2022","0","보건복지부","일반회계","","재화및용역판매수입","잡수입","기타잡수입","일반수입","1,563,000",0,0
"667","2022","0","산림청","국립자연휴양림관리소","손익계정","경상이전수입","기타경상이전수입","기타경상이전수입","일반수입","58,000",0,0
"668","2022","0","산림청","국립자연휴양림관리소","손익계정","경상이전수입","변상금및위약금","위약금","일반수입","1,000",0,0
"669","2022","0","산림청","국립자연휴양림관리소","손익계정","기업특별회계영업수입","책임운영기관사업수입","책임운영기관사업수입","일반수입","19,802,000",0,0
"670","2022","0","산림청","국립자연휴양림관리소","손익계정","재산수입","기타이자수입및재산수입","기타재산이자수입","일반수입","20,000",0,0
"671","2022","0","산림청","국립자연휴양림관리소","손익계정","재화및용역판매수입","잡수입","기타잡수입","일반수입","1,000",0,0
"672","2022","0","산림청","국립자연휴양림관리소","손익계정","정부내부수입및기타","전입금","일반회계전입금","내부거래수입(회계간거래)","14,219,000",0,0
"673","2022","0","산림청","국립자연휴양림관리소","자본계정","관유물매각대","고정자산매각대","기타고정자산매각대","일반수입","20,000",0,0
"674","2022","0","산림청","국립자연휴양림관리소","자본계정","정부내부수입및기타","기타","감가상각비전입금","내부거래수입(회계내 계정간 거래)","1,000",0,0
"675","2022","0","산림청","국립자연휴양림관리소","자본계정","정부내부수입및기타","기타","당기순이익전입금","내부거래수입(회계내 계정간 거래)","1,000",0,0
"676","2022","0","산림청","국립자연휴양림관리소","자본계정","정부내부수입및기타","전입금","일반회계전입금","내부거래수입(회계간거래)","27,312,000",0,0
"677","2022","0","산림청","농어촌구조개선특별회계","임업진흥사업계정","경상이전수입","가산금","가산금","일반수입","2,000",0,0
"678","2022","0","산림청","농어촌구조개선특별회계","임업진흥사업계정","경상이전수입","기타경상이전수입","기타경상이전수입","일반수입","22,850,000",0,0
"679","2022","0","산림청","농어촌구조개선특별회계","임업진흥사업계정","경상이전수입","기타경상이전수입","법정부담금","일반수입","179,232,000",0,0
"680","2022","0","산림청","농어촌구조개선특별회계","임업진흥사업계정","경상이전수입","변상금및위약금","변상금","일반수입","52,000",0,0
"681","2022","0","산림청","농어촌구조개선특별회계","임업진흥사업계정","경상이전수입","변상금및위약금","위약금","일반수입","46,000",0,0
"682","2022","0","산림청","농어촌구조개선특별회계","임업진흥사업계정","관유물매각대","토지및무형자산매각대","입목죽매각대","일반수입","25,707,000",0,0
"683","2022","0","산림청","농어촌구조개선특별회계","임업진흥사업계정","세계잉여금","세계잉여금이입액","전년도세계잉여금","보전수입","5,622,000",0,0
"684","2022","0","산림청","농어촌구조개선특별회계","임업진흥사업계정","융자및전대차관원금회수","융자원금회수","기타민간융자원금회수","일반수입","55,836,000",0,0
"685","2022","0","산림청","농어촌구조개선특별회계","임업진흥사업계정","재산수입","기타이자수입및재산수입","기타민간이자수입","일반수입","880,000",0,0
"686","2022","0","산림청","농어촌구조개선특별회계","임업진흥사업계정","재산수입","기타이자수입및재산수입","기타재산이자수입","일반수입","342,000",0,0
"687","2022","0","산림청","농어촌구조개선특별회계","임업진흥사업계정","재화및용역판매수입","잡수입","기타잡수입","일반수입","23,000",0,0
"688","2022","0","산림청","농어촌구조개선특별회계","임업진흥사업계정","정부내부수입및기타","전입금","일반회계전입금","내부거래수입(회계간거래)","639,533,000",0,0
"689","2022","0","산림청","일반회계","","경상이전수입","가산금","가산금","일반수입","5,000",0,0
"690","2022","0","산림청","일반회계","","경상이전수입","기타경상이전수입","기타경상이전수입","일반수입","12,677,000",0,0
"691","2022","0","산림청","일반회계","","경상이전수입","벌금,몰수금및과태료","과태료","일반수입","42,000",0,0
"692","2022","0","산림청","일반회계","","경상이전수입","변상금및위약금","변상금","일반수입","2,284,000",0,0
"693","2022","0","산림청","일반회계","","경상이전수입","변상금및위약금","위약금","일반수입","431,000",0,0
"694","2022","0","산림청","일반회계","","관유물매각대","고정자산매각대","기타고정자산매각대","일반수입","34,000",0,0
"695","2022","0","산림청","일반회계","","관유물매각대","토지및무형자산매각대","토지매각대","일반수입","61,629,000",0,0
"696","2022","0","산림청","일반회계","","재산수입","관유물대여료","건물대여료","일반수입","106,000",0,0
"697","2022","0","산림청","일반회계","","재산수입","관유물대여료","기타관유물대여료","일반수입","19,000",0,0
"698","2022","0","산림청","일반회계","","재산수입","관유물대여료","토지대여료","일반수입","12,380,000",0,0
"699","2022","0","산림청","일반회계","","재산수입","기타이자수입및재산수입","기타재산이자수입","일반수입","329,000",0,0
"700","2022","0","산림청","일반회계","","재화및용역판매수입","면허료및수수료","면허료및수수료","일반수입","118,000",0,0
"701","2022","0","산림청","일반회계","","재화및용역판매수입","입장료수입","입장료수입","일반수입","176,000",0,0
"702","2022","0","산림청","일반회계","","재화및용역판매수입","잡수입","기타잡수입","일반수입","3,902,000",0,0
"703","2022","0","산업통상자원부","국가균형발전특별회계","지역지원계정","경상이전수입","기타경상이전수입","기타경상이전수입","일반수입","77,278,000",0,0
"704","2022","0","산업통상자원부","국가균형발전특별회계","지역지원계정","재산수입","기타이자수입및재산수입","기타재산이자수입","일반수입","6,653,000",0,0
"705","2022","0","산업통상자원부","소재부품장비경쟁력강화특별회계","","세계잉여금","세계잉여금이입액","전년도세계잉여금","보전수입","5,812,000",0,0
"706","2022","0","산업통상자원부","소재부품장비경쟁력강화특별회계","","정부내부수입및기타","전입금","기금전입금","내부거래수입(기금=>예산간거래)","41,280,000",0,0
"707","2022","0","산업통상자원부","소재부품장비경쟁력강화특별회계","","정부내부수입및기타","전입금","일반회계전입금","내부거래수입(회계간거래)","2,435,892,800",0,0
"708","2022","0","산업통상자원부","에너지및자원사업특별회계","융자계정","융자및전대차관원금회수","융자원금회수","기타민간융자원금회수","일반수입","519,420,000",0,0
"709","2022","0","산업통상자원부","에너지및자원사업특별회계","융자계정","재산수입","기타이자수입및재산수입","기타민간이자수입","일반수입","62,796,000",0,0
"710","2022","0","산업통상자원부","에너지및자원사업특별회계","투자계정","경상이전수입","가산금","가산금","일반수입","96,000",0,0
"711","2022","0","산업통상자원부","에너지및자원사업특별회계","투자계정","경상이전수입","기타경상이전수입","기타경상이전수입","일반수입","45,243,000",0,0
"712","2022","0","산업통상자원부","에너지및자원사업특별회계","투자계정","경상이전수입","기타경상이전수입","법정부담금","일반수입","1,650,005,000",0,0
"713","2022","0","산업통상자원부","에너지및자원사업특별회계","투자계정","경상이전수입","벌금,몰수금및과태료","과태료","일반수입","65,000",0,0
"714","2022","0","산업통상자원부","에너지및자원사업특별회계","투자계정","세계잉여금","세계잉여금이입액","전년도세계잉여금","보전수입","11,840,000",0,0
"715","2022","0","산업통상자원부","에너지및자원사업특별회계","투자계정","재산수입","관유물대여료","토지대여료","일반수입","8,000",0,0
"716","2022","0","산업통상자원부","에너지및자원사업특별회계","투자계정","재산수입","기타이자수입및재산수입","기타재산이자수입","일반수입","5,519,000",0,0
"717","2022","0","산업통상자원부","에너지및자원사업특별회계","투자계정","재산수입","정부출자수입","정부출자수입","일반수입","5,351,000",0,0
"718","2022","0","산업통상자원부","에너지및자원사업특별회계","투자계정","정부내부수입및기타","예수금","기금예수금","내부거래수입(기금=>예산간거래)","1,004,390,000",0,0
"719","2022","0","산업통상자원부","에너지및자원사업특별회계","투자계정","정부내부수입및기타","예탁원금회수","기금예탁원금회수","내부거래수입(기금=>예산간거래)","463,175,000",0,0
"720","2022","0","산업통상자원부","에너지및자원사업특별회계","투자계정","정부내부수입및기타","예탁이자수입","기금예탁이자수입","내부거래수입(기금=>예산간거래)","9,264,000",0,0
"721","2022","0","산업통상자원부","에너지및자원사업특별회계","투자계정","정부내부수입및기타","전입금","계정간전입금","내부거래수입(회계내 계정간 거래)","192,792,000",0,0
"722","2022","0","산업통상자원부","에너지및자원사업특별회계","투자계정","정부내부수입및기타","전입금","기금전입금","내부거래수입(기금=>예산간거래)","1,307,376,000",0,0
"723","2022","0","산업통상자원부","일반회계","","경상이전수입","가산금","가산금","일반수입","18,000",0,0
"724","2022","0","산업통상자원부","일반회계","","경상이전수입","기타경상이전수입","기타경상이전수입","일반수입","163,595,000",0,0
"725","2022","0","산업통상자원부","일반회계","","경상이전수입","벌금,몰수금및과태료","과징금","일반수입","1,251,000",0,0
"726","2022","0","산업통상자원부","일반회계","","경상이전수입","벌금,몰수금및과태료","과태료","일반수입","600,000",0,0
"727","2022","0","산업통상자원부","일반회계","","수입대체경비수입","잡수입","기타잡수입","일반수입","807,000",0,0
"728","2022","0","산업통상자원부","일반회계","","재산수입","관유물대여료","건물대여료","일반수입","5,378,000",0,0
"729","2022","0","산업통상자원부","일반회계","","재산수입","관유물대여료","토지대여료","일반수입","17,480,000",0,0
"730","2022","0","산업통상자원부","일반회계","","재산수입","기타이자수입및재산수입","기타재산이자수입","일반수입","20,891,000",0,0
"731","2022","0","산업통상자원부","일반회계","","재화및용역판매수입","잡수입","기타잡수입","일반수입","21,000",0,0
"732","2022","0","새만금개발청","국가균형발전특별회계","지역지원계정","재산수입","관유물대여료","토지대여료","일반수입","66,000",0,0
"733","2022","0","새만금개발청","일반회계","","재산수입","관유물대여료","토지대여료","일반수입","1,720,000",0,0
"734","2022","0","새만금개발청","일반회계","","재화및용역판매수입","면허료및수수료","면허료및수수료","일반수입","6,048,000",0,0
"735","2022","0","새만금개발청","일반회계","","재화및용역판매수입","잡수입","기타잡수입","일반수입","69,000",0,0
"736","2022","0","소방청","일반회계","","경상이전수입","기타경상이전수입","기타경상이전수입","일반수입","1,677,000",0,0
"737","2022","0","소방청","일반회계","","경상이전수입","벌금,몰수금및과태료","징계부과금","일반수입","1,000",0,0
"738","2022","0","소방청","일반회계","","경상이전수입","변상금및위약금","위약금","일반수입","90,000",0,0
"739","2022","0","소방청","일반회계","","수입대체경비수입","잡수입","기타잡수입","일반수입","1,430,000",0,0
"740","2022","0","소방청","일반회계","","재산수입","관유물대여료","건물대여료","일반수입","17,000",0,0
"741","2022","0","소방청","일반회계","","재산수입","기타이자수입및재산수입","기타재산이자수입","일반수입","128,000",0,0
"742","2022","0","소방청","일반회계","","재화및용역판매수입","면허료및수수료","면허료및수수료","일반수입","200,000",0,0
"743","2022","0","소방청","일반회계","","재화및용역판매수입","잡수입","기타잡수입","일반수입","36,000",0,0
"744","2022","0","식품의약품안전처","농어촌구조개선특별회계","구조개선사업계정","관유물매각대","고정자산매각대","기타고정자산매각대","일반수입","10,000",0,0
"745","2022","0","식품의약품안전처","일반회계","","경상이전수입","가산금","가산금","일반수입","6,000",0,0
"746","2022","0","식품의약품안전처","일반회계","","경상이전수입","기타경상이전수입","기타경상이전수입","일반수입","2,445,000",0,0
"747","2022","0","식품의약품안전처","일반회계","","경상이전수입","벌금,몰수금및과태료","과징금","일반수입","2,351,000",0,0
"748","2022","0","식품의약품안전처","일반회계","","경상이전수입","벌금,몰수금및과태료","과태료","일반수입","370,000",0,0
"749","2022","0","식품의약품안전처","일반회계","","경상이전수입","변상금및위약금","위약금","일반수입","116,000",0,0
"750","2022","0","식품의약품안전처","일반회계","","관유물매각대","고정자산매각대","기타고정자산매각대","일반수입","285,000",0,0
"751","2022","0","식품의약품안전처","일반회계","","수입대체경비수입","면허료및수수료","면허료및수수료","일반수입","39,879,000",0,0
"752","2022","0","식품의약품안전처","일반회계","","수입대체경비수입","잡수입","기타잡수입","일반수입","1,033,000",0,0
"753","2022","0","식품의약품안전처","일반회계","","재산수입","관유물대여료","기타관유물대여료","일반수입","79,000",0,0
"754","2022","0","식품의약품안전처","일반회계","","재산수입","기타이자수입및재산수입","기타재산이자수입","일반수입","367,000",0,0
"755","2022","0","식품의약품안전처","일반회계","","재화및용역판매수입","면허료및수수료","면허료및수수료","일반수입","3,168,000",0,0
"756","2022","0","식품의약품안전처","일반회계","","재화및용역판매수입","잡수입","기타잡수입","일반수입","36,000",0,0
"757","2022","0","여성가족부","일반회계","","경상이전수입","기타경상이전수입","기타경상이전수입","일반수입","12,425,000",0,0
"758","2022","0","여성가족부","일반회계","","재산수입","관유물대여료","건물대여료","일반수입","20,000",0,0
"759","2022","0","여성가족부","일반회계","","재산수입","기타이자수입및재산수입","기타재산이자수입","일반수입","1,047,000",0,0
"760","2022","0","외교부","일반회계","","경상이전수입","기타경상이전수입","기타경상이전수입","일반수입","7,203,000",0,0
"761","2022","0","외교부","일반회계","","수입대체경비수입","면허료및수수료","면허료및수수료","일반수입","131,859,000",0,0
"762","2022","0","외교부","일반회계","","재산수입","기타이자수입및재산수입","기타재산이자수입","일반수입","130,000",0,0
"763","2022","0","외교부","일반회계","","재화및용역판매수입","면허료및수수료","면허료및수수료","일반수입","91,766,000",0,0
"764","2022","0","외교부","일반회계","","재화및용역판매수입","잡수입","기타잡수입","일반수입","1,000,000",0,0
"765","2022","0","원자력안전위원회","일반회계","","경상이전수입","기타경상이전수입","기타경상이전수입","일반수입","1,677,000",0,0
"766","2022","0","인사혁신처","일반회계","","경상이전수입","기타경상이전수입","기타경상이전수입","일반수입","873,000",0,0
"767","2022","0","인사혁신처","일반회계","","수입대체경비수입","잡수입","기타잡수입","일반수입","3,951,000",0,0
"768","2022","0","인사혁신처","일반회계","","재산수입","관유물대여료","건물대여료","일반수입","4,000",0,0
"769","2022","0","인사혁신처","일반회계","","재화및용역판매수입","면허료및수수료","면허료및수수료","일반수입","1,725,000",0,0
"770","2022","0","인사혁신처","일반회계","","재화및용역판매수입","잡수입","기타잡수입","일반수입","70,000",0,0
"771","2022","0","인사혁신처","일반회계","","정부내부수입및기타","전입금","기금전입금","내부거래수입(기금=>예산간거래)","53,945,000",0,0
"772","2022","0","조달청","조달특별회계","손익계정","경상이전수입","벌금,몰수금및과태료","과징금","일반수입","269,000",0,0
"773","2022","0","조달청","조달특별회계","손익계정","경상이전수입","변상금및위약금","위약금","일반수입","4,600,000",0,0
"774","2022","0","조달청","조달특별회계","손익계정","기업특별회계영업수입","조달사업수입","내자구매사업수입","일반수입","221,676,000",0,0
"775","2022","0","조달청","조달특별회계","손익계정","기업특별회계영업수입","조달사업수입","비축물자사업수입","일반수입","2,032,000",0,0
"776","2022","0","조달청","조달특별회계","손익계정","기업특별회계영업수입","조달사업수입","시설계약사업수입","일반수입","38,917,000",0,0
"777","2022","0","조달청","조달특별회계","손익계정","기업특별회계영업수입","조달사업수입","외자구매사업수입","일반수입","5,782,000",0,0
"778","2022","0","조달청","조달특별회계","손익계정","세계잉여금","세계잉여금이입액","전년도세계잉여금","보전수입","29,548,000",0,0
"779","2022","0","조달청","조달특별회계","손익계정","수입대체경비수입","잡수입","기타잡수입","일반수입","595,000",0,0
"780","2022","0","조달청","조달특별회계","손익계정","재산수입","관유물대여료","건물대여료","일반수입","2,094,000",0,0
"781","2022","0","조달청","조달특별회계","손익계정","재산수입","관유물대여료","기타관유물대여료","일반수입","3,000",0,0
"782","2022","0","조달청","조달특별회계","손익계정","재산수입","관유물대여료","토지대여료","일반수입","789,000",0,0
"783","2022","0","조달청","조달특별회계","손익계정","재화및용역판매수입","잡수입","기타영업외잡수익","일반수입","17,572,000",0,0
"784","2022","0","조달청","조달특별회계","손익계정","재화및용역판매수입","잡수입","기타잡수입","일반수입","6,533,000",0,0
"785","2022","0","조달청","조달특별회계","자본계정","세계잉여금","세계잉여금이입액","전년도세계잉여금","보전수입","34,508,000",0,0
"786","2022","0","조달청","조달특별회계","자본계정","정부내부수입및기타","전입금","계정간전입금","내부거래수입(회계내 계정간 거래)","127,569,000",0,0
"787","2022","0","조달청","조달특별회계","자본계정","정부내부수입및기타","전입금","기금전입금","내부거래수입(기금=>예산간거래)","475,000",0,0
"788","2022","0","중소벤처기업부","국가균형발전특별회계","지역지원계정","경상이전수입","기타경상이전수입","기타경상이전수입","일반수입","19,696,000",0,0
"789","2022","0","중소벤처기업부","국가균형발전특별회계","지역지원계정","재산수입","기타이자수입및재산수입","기타재산이자수입","일반수입","1,586,000",0,0
"790","2022","0","중소벤처기업부","일반회계","","경상이전수입","기타경상이전수입","기타경상이전수입","일반수입","129,573,000",0,0
"791","2022","0","중소벤처기업부","일반회계","","경상이전수입","벌금,몰수금및과태료","과징금","일반수입","759,000",0,0
"792","2022","0","중소벤처기업부","일반회계","","관유물매각대","고정자산매각대","기타고정자산매각대","일반수입","38,000",0,0
"793","2022","0","중소벤처기업부","일반회계","","재산수입","관유물대여료","건물대여료","일반수입","264,000",0,0
"794","2022","0","중소벤처기업부","일반회계","","재산수입","관유물대여료","기타관유물대여료","일반수입","6,000",0,0
"795","2022","0","중소벤처기업부","일반회계","","재산수입","기타이자수입및재산수입","기타재산이자수입","일반수입","32,700,000",0,0
"796","2022","0","중소벤처기업부","일반회계","","재화및용역판매수입","잡수입","기타잡수입","일반수입","32,000",0,0
"797","2022","0","중앙선거관리위원회","일반회계","","경상이전수입","기타경상이전수입","기타경상이전수입","일반수입","3,695,000",0,0
"798","2022","0","중앙선거관리위원회","일반회계","","경상이전수입","벌금,몰수금및과태료","과태료","일반수입","300,000",0,0
"799","2022","0","중앙선거관리위원회","일반회계","","재산수입","관유물대여료","기타관유물대여료","일반수입","5,000",0,0
"800","2022","0","중앙선거관리위원회","일반회계","","재산수입","관유물대여료","토지대여료","일반수입","15,000",0,0
"801","2022","0","중앙선거관리위원회","일반회계","","재산수입","기타이자수입및재산수입","기타재산이자수입","일반수입","10,000",0,0
"802","2022","0","중앙선거관리위원회","일반회계","","재화및용역판매수입","잡수입","기타잡수입","일반수입","10,000",0,0
"803","2022","0","질병관리청","국립마산병원","손익계정","기업특별회계영업수입","책임운영기관사업수입","책임운영기관사업수입","일반수입","4,471,000",0,0
"804","2022","0","질병관리청","국립마산병원","손익계정","세계잉여금","세계잉여금이입액","전년도세계잉여금","보전수입","2,277,000",0,0
"805","2022","0","질병관리청","국립마산병원","손익계정","수입대체경비수입","잡수입","기타잡수입","일반수입","439,000",0,0
"806","2022","0","질병관리청","국립마산병원","손익계정","재산수입","관유물대여료","건물대여료","일반수입","15,000",0,0
"807","2022","0","질병관리청","국립마산병원","손익계정","재산수입","관유물대여료","토지대여료","일반수입","53,000",0,0
"808","2022","0","질병관리청","국립마산병원","손익계정","재산수입","기타이자수입및재산수입","기타재산이자수입","일반수입","1,000",0,0
"809","2022","0","질병관리청","국립마산병원","손익계정","재화및용역판매수입","잡수입","기타잡수입","일반수입","11,000",0,0
"810","2022","0","질병관리청","국립마산병원","손익계정","정부내부수입및기타","전입금","일반회계전입금","내부거래수입(회계간거래)","7,062,000",0,0
"811","2022","0","질병관리청","국립마산병원","자본계정","정부내부수입및기타","기타","감가상각비전입금","내부거래수입(회계내 계정간 거래)","1,000",0,0
"812","2022","0","질병관리청","국립마산병원","자본계정","정부내부수입및기타","기타","당기순이익전입금","내부거래수입(회계내 계정간 거래)","1,000",0,0
"813","2022","0","질병관리청","국립마산병원","자본계정","정부내부수입및기타","전입금","일반회계전입금","내부거래수입(회계간거래)","6,305,000",0,0
"814","2022","0","질병관리청","국립목포병원","손익계정","경상이전수입","기타경상이전수입","기타경상이전수입","일반수입","2,000",0,0
"815","2022","0","질병관리청","국립목포병원","손익계정","관유물매각대","고정자산매각대","기타고정자산매각대","일반수입","4,000",0,0
"816","2022","0","질병관리청","국립목포병원","손익계정","기업특별회계영업수입","책임운영기관사업수입","책임운영기관사업수입","일반수입","3,555,000",0,0
"817","2022","0","질병관리청","국립목포병원","손익계정","세계잉여금","세계잉여금이입액","전년도세계잉여금","보전수입","1,616,000",0,0
"818","2022","0","질병관리청","국립목포병원","손익계정","수입대체경비수입","잡수입","기타잡수입","일반수입","10,000",0,0
"819","2022","0","질병관리청","국립목포병원","손익계정","재산수입","관유물대여료","건물대여료","일반수입","7,000",0,0
"820","2022","0","질병관리청","국립목포병원","손익계정","재화및용역판매수입","잡수입","기타잡수입","일반수입","7,000",0,0
"821","2022","0","질병관리청","국립목포병원","손익계정","정부내부수입및기타","전입금","일반회계전입금","내부거래수입(회계간거래)","5,999,000",0,0
"822","2022","0","질병관리청","국립목포병원","자본계정","세계잉여금","세계잉여금이입액","전년도세계잉여금","보전수입","75,000",0,0
"823","2022","0","질병관리청","국립목포병원","자본계정","정부내부수입및기타","기타","감가상각비전입금","내부거래수입(회계내 계정간 거래)","1,000",0,0
"824","2022","0","질병관리청","국립목포병원","자본계정","정부내부수입및기타","기타","당기순이익전입금","내부거래수입(회계내 계정간 거래)","1,000",0,0
"825","2022","0","질병관리청","국립목포병원","자본계정","정부내부수입및기타","전입금","일반회계전입금","내부거래수입(회계간거래)","1,839,000",0,0
"826","2022","0","질병관리청","일반회계","","경상이전수입","기타경상이전수입","기타경상이전수입","일반수입","4,920,000",0,0
"827","2022","0","질병관리청","일반회계","","경상이전수입","변상금및위약금","위약금","일반수입","54,000",0,0
"828","2022","0","질병관리청","일반회계","","재산수입","기타이자수입및재산수입","기타재산이자수입","일반수입","100,000",0,0
"829","2022","0","질병관리청","일반회계","","재산수입","기타이자수입및재산수입","기타재산이자외수입","일반수입","100,000",0,0
"830","2022","0","질병관리청","일반회계","","재화및용역판매수입","면허료및수수료","면허료및수수료","일반수입","350,000",0,0
"831","2022","0","질병관리청","일반회계","","재화및용역판매수입","잡수입","기타잡수입","일반수입","55,000",0,0
"832","2022","0","통계청","일반회계","","경상이전수입","기타경상이전수입","기타경상이전수입","일반수입","127,000",0,0
"833","2022","0","통계청","일반회계","","경상이전수입","벌금,몰수금및과태료","과태료","일반수입","10,000",0,0
"834","2022","0","통계청","일반회계","","경상이전수입","변상금및위약금","위약금","일반수입","15,000",0,0
"835","2022","0","통계청","일반회계","","관유물매각대","고정자산매각대","기타고정자산매각대","일반수입","54,000",0,0
"836","2022","0","통계청","일반회계","","수입대체경비수입","잡수입","기타잡수입","일반수입","1,866,000",0,0
"837","2022","0","통계청","일반회계","","재산수입","기타이자수입및재산수입","기타재산이자수입","일반수입","2,000",0,0
"838","2022","0","통계청","일반회계","","재화및용역판매수입","잡수입","기타잡수입","일반수입","1,380,000",0,0
"839","2022","0","통일부","일반회계","","경상이전수입","기타경상이전수입","기타경상이전수입","일반수입","621,000",0,0
"840","2022","0","통일부","일반회계","","경상이전수입","벌금,몰수금및과태료","과태료","일반수입","10,000",0,0
"841","2022","0","통일부","일반회계","","경상이전수입","변상금및위약금","위약금","일반수입","1,000",0,0
"842","2022","0","통일부","일반회계","","재산수입","관유물대여료","건물대여료","일반수입","297,000",0,0
"843","2022","0","통일부","일반회계","","재산수입","관유물대여료","기타관유물대여료","일반수입","82,000",0,0
"844","2022","0","통일부","일반회계","","재산수입","관유물대여료","토지대여료","일반수입","7,000",0,0
"845","2022","0","통일부","일반회계","","재산수입","기타이자수입및재산수입","기타재산이자수입","일반수입","20,000",0,0
"846","2022","0","통일부","일반회계","","재화및용역판매수입","입장료수입","입장료수입","일반수입","635,000",0,0
"847","2022","0","특허청","특허청","손익계정","경상이전수입","기타경상이전수입","기타경상이전수입","일반수입","2,767,000",0,0
"848","2022","0","특허청","특허청","손익계정","경상이전수입","벌금,몰수금및과태료","과태료","일반수입","36,000",0,0
"849","2022","0","특허청","특허청","손익계정","경상이전수입","변상금및위약금","위약금","일반수입","1,000",0,0
"850","2022","0","특허청","특허청","손익계정","기업특별회계영업수입","책임운영기관사업수입","책임운영기관사업수입","일반수입","588,340,000",0,0
"851","2022","0","특허청","특허청","손익계정","세계잉여금","세계잉여금이입액","전년도세계잉여금","보전수입","61,199,000",0,0
"852","2022","0","특허청","특허청","손익계정","수입대체경비수입","관유물대여료","건물대여료","일반수입","30,000",0,0
"853","2022","0","특허청","특허청","손익계정","수입대체경비수입","잡수입","기타잡수입","일반수입","350,000",0,0
"854","2022","0","특허청","특허청","손익계정","재산수입","관유물대여료","건물대여료","일반수입","3,000",0,0
"855","2022","0","특허청","특허청","손익계정","재산수입","기타이자수입및재산수입","기타재산이자수입","일반수입","320,000",0,0
"856","2022","0","특허청","특허청","손익계정","재산수입","기타이자수입및재산수입","기타재산이자외수입","일반수입","2,484,000",0,0
"857","2022","0","특허청","특허청","손익계정","재화및용역판매수입","잡수입","기타잡수입","일반수입","4,000",0,0
"858","2022","0","특허청","특허청","자본계정","정부내부수입및기타","기타","감가상각비전입금","내부거래수입(회계내 계정간 거래)","1,019,000",0,0
"859","2022","0","특허청","특허청","자본계정","정부내부수입및기타","기타","당기순이익전입금","내부거래수입(회계내 계정간 거래)","92,110,000",0,0
"860","2022","0","특허청","특허청","자본계정","정부내부수입및기타","예탁원금회수","기금예탁원금회수","내부거래수입(기금=>예산간거래)","41,213,000",0,0
"861","2022","0","특허청","특허청","자본계정","정부내부수입및기타","예탁이자수입","기금예탁이자수입","내부거래수입(기금=>예산간거래)","3,940,000",0,0
"862","2022","0","해양경찰청","일반회계","","경상이전수입","가산금","가산금","일반수입","4,000",0,0
"863","2022","0","해양경찰청","일반회계","","경상이전수입","기타경상이전수입","기타경상이전수입","일반수입","1,116,000",0,0
"864","2022","0","해양경찰청","일반회계","","경상이전수입","벌금,몰수금및과태료","과징금","일반수입","70,000",0,0
"865","2022","0","해양경찰청","일반회계","","경상이전수입","벌금,몰수금및과태료","과태료","일반수입","183,000",0,0
"866","2022","0","해양경찰청","일반회계","","경상이전수입","벌금,몰수금및과태료","벌금및과료","일반수입","1,000",0,0
"867","2022","0","해양경찰청","일반회계","","경상이전수입","벌금,몰수금및과태료","징계부과금","일반수입","14,000",0,0
"868","2022","0","해양경찰청","일반회계","","경상이전수입","변상금및위약금","변상금","일반수입","1,619,000",0,0
"869","2022","0","해양경찰청","일반회계","","경상이전수입","변상금및위약금","위약금","일반수입","389,000",0,0
"870","2022","0","해양경찰청","일반회계","","관유물매각대","고정자산매각대","기계기구매각대","일반수입","31,000",0,0
"871","2022","0","해양경찰청","일반회계","","관유물매각대","고정자산매각대","기타고정자산매각대","일반수입","224,000",0,0
"872","2022","0","해양경찰청","일반회계","","재산수입","관유물대여료","건물대여료","일반수입","298,000",0,0
"873","2022","0","해양경찰청","일반회계","","재산수입","관유물대여료","기타관유물대여료","일반수입","5,000",0,0
"874","2022","0","해양경찰청","일반회계","","재산수입","관유물대여료","토지대여료","일반수입","12,000",0,0
"875","2022","0","해양경찰청","일반회계","","재산수입","기타이자수입및재산수입","기타재산이자수입","일반수입","87,000",0,0
"876","2022","0","해양경찰청","일반회계","","재화및용역판매수입","면허료및수수료","면허료및수수료","일반수입","399,000",0,0
"877","2022","0","해양경찰청","일반회계","","재화및용역판매수입","잡수입","기타잡수입","일반수입","792,000",0,0
"878","2022","0","해양수산부","교통시설특별회계","항만계정","경상이전수입","가산금","가산금","일반수입","84,000",0,0
"879","2022","0","해양수산부","교통시설특별회계","항만계정","경상이전수입","기타경상이전수입","기타경상이전수입","일반수입","13,976,000",0,0
"880","2022","0","해양수산부","교통시설특별회계","항만계정","경상이전수입","벌금,몰수금및과태료","과징금","일반수입","15,000",0,0
"881","2022","0","해양수산부","교통시설특별회계","항만계정","경상이전수입","벌금,몰수금및과태료","과태료","일반수입","193,000",0,0
"882","2022","0","해양수산부","교통시설특별회계","항만계정","경상이전수입","벌금,몰수금및과태료","벌금및과료","일반수입","1,000",0,0
"883","2022","0","해양수산부","교통시설특별회계","항만계정","경상이전수입","변상금및위약금","변상금","일반수입","425,000",0,0
"884","2022","0","해양수산부","교통시설특별회계","항만계정","경상이전수입","변상금및위약금","위약금","일반수입","414,000",0,0
"885","2022","0","해양수산부","교통시설특별회계","항만계정","관유물매각대","고정자산매각대","기타고정자산매각대","일반수입","125,000",0,0
"886","2022","0","해양수산부","교통시설특별회계","항만계정","관유물매각대","재고자산매각대및유동자산","재고자산매각대","일반수입","31,000",0,0
"887","2022","0","해양수산부","교통시설특별회계","항만계정","관유물매각대","토지및무형자산매각대","토지매각대","일반수입","2,857,000",0,0
"888","2022","0","해양수산부","교통시설특별회계","항만계정","세계잉여금","세계잉여금이입액","전년도세계잉여금","보전수입","-50,000,000",0,0
"889","2022","0","해양수산부","교통시설특별회계","항만계정","재산수입","관유물대여료","건물대여료","일반수입","722,000",0,0
"890","2022","0","해양수산부","교통시설특별회계","항만계정","재산수입","관유물대여료","기타관유물대여료","일반수입","128,000",0,0
"891","2022","0","해양수산부","교통시설특별회계","항만계정","재산수입","관유물대여료","토지대여료","일반수입","489,000",0,0
"892","2022","0","해양수산부","교통시설특별회계","항만계정","재산수입","기타이자수입및재산수입","기타재산이자수입","일반수입","1,103,000",0,0
"893","2022","0","해양수산부","교통시설특별회계","항만계정","재산수입","정부출자수입","정부출자수입","일반수입","1,931,000",0,0
"894","2022","0","해양수산부","교통시설특별회계","항만계정","재화및용역판매수입","면허료및수수료","면허료및수수료","일반수입","14,391,000",0,0
"895","2022","0","해양수산부","교통시설특별회계","항만계정","재화및용역판매수입","잡수입","기타잡수입","일반수입","1,422,000",0,0
"896","2022","0","해양수산부","교통시설특별회계","항만계정","재화및용역판매수입","항공항만및용수수입","항공항만수입","일반수입","79,457,000",0,0
"897","2022","0","해양수산부","교통시설특별회계","항만계정","정부내부수입및기타","전입금","일반회계전입금","내부거래수입(회계간거래)","1,577,231,000",0,0
"898","2022","0","해양수산부","국가균형발전특별회계","제주특별자치도계정","경상이전수입","기타경상이전수입","기타경상이전수입","일반수입","4,481,000",0,0
"899","2022","0","해양수산부","국가균형발전특별회계","지역자율계정","경상이전수입","기타경상이전수입","기타경상이전수입","일반수입","6,675,000",0,0
"900","2022","0","해양수산부","국가균형발전특별회계","지역자율계정","재산수입","기타이자수입및재산수입","기타재산이자수입","일반수입","366,000",0,0
"901","2022","0","해양수산부","국가균형발전특별회계","지역지원계정","경상이전수입","기타경상이전수입","기타경상이전수입","일반수입","2,910,000",0,0
"902","2022","0","해양수산부","국가균형발전특별회계","지역지원계정","재산수입","기타이자수입및재산수입","기타재산이자수입","일반수입","73,000",0,0
"903","2022","0","해양수산부","농어촌구조개선특별회계","구조개선사업계정","경상이전수입","기타경상이전수입","기타경상이전수입","일반수입","19,252,000",0,0
"904","2022","0","해양수산부","농어촌구조개선특별회계","구조개선사업계정","경상이전수입","벌금,몰수금및과태료","과태료","일반수입","70,000",0,0
"905","2022","0","해양수산부","농어촌구조개선특별회계","구조개선사업계정","경상이전수입","변상금및위약금","위약금","일반수입","324,000",0,0
"906","2022","0","해양수산부","농어촌구조개선특별회계","구조개선사업계정","관유물매각대","고정자산매각대","기타고정자산매각대","일반수입","6,000",0,0
"907","2022","0","해양수산부","농어촌구조개선특별회계","구조개선사업계정","재산수입","기타이자수입및재산수입","기타재산이자수입","일반수입","1,623,000",0,0
"908","2022","0","해양수산부","농어촌구조개선특별회계","구조개선사업계정","재산수입","기타이자수입및재산수입","기타재산이자외수입","일반수입","695,000",0,0
"909","2022","0","해양수산부","농어촌구조개선특별회계","구조개선사업계정","재화및용역판매수입","면허료및수수료","면허료및수수료","일반수입","185,000",0,0
"910","2022","0","해양수산부","농어촌구조개선특별회계","구조개선사업계정","재화및용역판매수입","실습수입","실습수입","일반수입","19,000",0,0
"911","2022","0","해양수산부","농어촌구조개선특별회계","구조개선사업계정","재화및용역판매수입","잡수입","기타잡수입","일반수입","69,000",0,0
"912","2022","0","해양수산부","농어촌구조개선특별회계","농어촌특별세사업계정","경상이전수입","기타경상이전수입","기타경상이전수입","일반수입","5,858,000",0,0
"913","2022","0","해양수산부","농어촌구조개선특별회계","농어촌특별세사업계정","경상이전수입","벌금,몰수금및과태료","과태료","일반수입","1,000",0,0
"914","2022","0","해양수산부","농어촌구조개선특별회계","농어촌특별세사업계정","경상이전수입","변상금및위약금","위약금","일반수입","34,000",0,0
"915","2022","0","해양수산부","농어촌구조개선특별회계","농어촌특별세사업계정","관유물매각대","고정자산매각대","기타고정자산매각대","일반수입","142,000",0,0
"916","2022","0","해양수산부","농어촌구조개선특별회계","농어촌특별세사업계정","관유물매각대","토지및무형자산매각대","토지매각대","일반수입","18,000",0,0
"917","2022","0","해양수산부","농어촌구조개선특별회계","농어촌특별세사업계정","재산수입","관유물대여료","기타관유물대여료","일반수입","7,000",0,0
"918","2022","0","해양수산부","농어촌구조개선특별회계","농어촌특별세사업계정","재산수입","기타이자수입및재산수입","기타재산이자수입","일반수입","288,000",0,0
"919","2022","0","해양수산부","농어촌구조개선특별회계","농어촌특별세사업계정","재산수입","기타이자수입및재산수입","기타재산이자외수입","일반수입","124,000",0,0
"920","2022","0","해양수산부","농어촌구조개선특별회계","농어촌특별세사업계정","재화및용역판매수입","잡수입","기타잡수입","일반수입","34,000",0,0
"921","2022","0","해양수산부","에너지및자원사업특별회계","투자계정","경상이전수입","기타경상이전수입","기타경상이전수입","일반수입","3,817,000",0,0
"922","2022","0","해양수산부","에너지및자원사업특별회계","투자계정","재산수입","기타이자수입및재산수입","기타재산이자수입","일반수입","19,000",0,0
"923","2022","0","해양수산부","에너지및자원사업특별회계","투자계정","재산수입","기타이자수입및재산수입","기타재산이자외수입","일반수입","6,000",0,0
"924","2022","0","해양수산부","일반회계","","경상이전수입","가산금","가산금","일반수입","27,000",0,0
"925","2022","0","해양수산부","일반회계","","경상이전수입","기타경상이전수입","기타경상이전수입","일반수입","30,291,000",0,0
"926","2022","0","해양수산부","일반회계","","경상이전수입","벌금,몰수금및과태료","과징금","일반수입","25,000",0,0
"927","2022","0","해양수산부","일반회계","","경상이전수입","벌금,몰수금및과태료","과태료","일반수입","145,000",0,0
"928","2022","0","해양수산부","일반회계","","경상이전수입","벌금,몰수금및과태료","벌금및과료","일반수입","2,000",0,0
"929","2022","0","해양수산부","일반회계","","경상이전수입","벌금,몰수금및과태료","징계부과금","일반수입","16,000",0,0
"930","2022","0","해양수산부","일반회계","","경상이전수입","변상금및위약금","변상금","일반수입","76,000",0,0
"931","2022","0","해양수산부","일반회계","","경상이전수입","변상금및위약금","위약금","일반수입","838,000",0,0
"932","2022","0","해양수산부","일반회계","","관유물매각대","고정자산매각대","기계기구매각대","일반수입","8,000",0,0
"933","2022","0","해양수산부","일반회계","","관유물매각대","고정자산매각대","기타고정자산매각대","일반수입","915,000",0,0
"934","2022","0","해양수산부","일반회계","","관유물매각대","재고자산매각대및유동자산","유동자산매각대","일반수입","1,000",0,0
"935","2022","0","해양수산부","일반회계","","관유물매각대","재고자산매각대및유동자산","재고자산매각대","일반수입","190,000",0,0
"936","2022","0","해양수산부","일반회계","","관유물매각대","토지및무형자산매각대","토지매각대","일반수입","628,000",0,0
"937","2022","0","해양수산부","일반회계","","수입대체경비수입","면허료및수수료","면허료및수수료","일반수입","8,000",0,0
"938","2022","0","해양수산부","일반회계","","수입대체경비수입","잡수입","기타잡수입","일반수입","347,000",0,0
"939","2022","0","해양수산부","일반회계","","융자및전대차관원금회수","융자원금회수","기타민간융자원금회수","일반수입","241,000",0,0
"940","2022","0","해양수산부","일반회계","","재산수입","관유물대여료","건물대여료","일반수입","186,000",0,0
"941","2022","0","해양수산부","일반회계","","재산수입","관유물대여료","기타관유물대여료","일반수입","32,000",0,0
"942","2022","0","해양수산부","일반회계","","재산수입","관유물대여료","토지대여료","일반수입","5,220,000",0,0
"943","2022","0","해양수산부","일반회계","","재산수입","기타이자수입및재산수입","기타재산이자수입","일반수입","1,511,000",0,0
"944","2022","0","해양수산부","일반회계","","재산수입","기타이자수입및재산수입","기타재산이자외수입","일반수입","648,000",0,0
"945","2022","0","해양수산부","일반회계","","재화및용역판매수입","면허료및수수료","면허료및수수료","일반수입","1,245,000",0,0
"946","2022","0","해양수산부","일반회계","","재화및용역판매수입","실습수입","실습수입","일반수입","122,000",0,0
"947","2022","0","해양수산부","일반회계","","재화및용역판매수입","잡수입","기타잡수입","일반수입","708,000",0,0
"948","2022","0","해양수산부","일반회계","","재화및용역판매수입","항공항만및용수수입","항공항만수입","일반수입","5,662,000",0,0
"949","2022","0","행정안전부","국가균형발전특별회계","지역자율계정","경상이전수입","기타경상이전수입","기타경상이전수입","일반수입","1,854,000",0,0
"950","2022","0","행정안전부","국가균형발전특별회계","지역자율계정","재산수입","기타이자수입및재산수입","기타재산이자수입","일반수입","21,000",0,0
"951","2022","0","행정안전부","국가균형발전특별회계","지역지원계정","경상이전수입","기타경상이전수입","기타경상이전수입","일반수입","3,399,000",0,0
"952","2022","0","행정안전부","국가균형발전특별회계","지역지원계정","재산수입","기타이자수입및재산수입","기타재산이자수입","일반수입","28,000",0,0
"953","2022","0","행정안전부","일반회계","","경상이전수입","기타경상이전수입","기타경상이전수입","일반수입","46,060,000",0,0
"954","2022","0","행정안전부","일반회계","","경상이전수입","변상금및위약금","위약금","일반수입","520,000",0,0
"955","2022","0","행정안전부","일반회계","","수입대체경비수입","잡수입","기타잡수입","일반수입","7,531,000",0,0
"956","2022","0","행정안전부","일반회계","","재산수입","관유물대여료","건물대여료","일반수입","2,826,000",0,0
"957","2022","0","행정안전부","일반회계","","재산수입","관유물대여료","토지대여료","일반수입","507,000",0,0
"958","2022","0","행정안전부","일반회계","","재산수입","기타이자수입및재산수입","기타재산이자수입","일반수입","2,660,000",0,0
"959","2022","0","행정안전부","일반회계","","재화및용역판매수입","면허료및수수료","면허료및수수료","일반수입","111,000",0,0
"960","2022","0","행정안전부","일반회계","","재화및용역판매수입","잡수입","기타잡수입","일반수입","903,000",0,0
"961","2022","0","행정중심복합도시건설청","행정중심복합도시건설특별회계","","경상이전수입","기타경상이전수입","기타경상이전수입","일반수입","4,094,000",0,0
"962","2022","0","행정중심복합도시건설청","행정중심복합도시건설특별회계","","세계잉여금","세계잉여금이입액","전년도세계잉여금","보전수입","9,548,000",0,0
"963","2022","0","행정중심복합도시건설청","행정중심복합도시건설특별회계","","재산수입","기타이자수입및재산수입","기타재산이자수입","일반수입","46,000",0,0
"964","2022","0","행정중심복합도시건설청","행정중심복합도시건설특별회계","","정부내부수입및기타","전입금","일반회계전입금","내부거래수입(회계간거래)","391,722,000",0,0
"965","2022","0","헌법재판소","일반회계","","경상이전수입","기타경상이전수입","기타경상이전수입","일반수입","450,000",0,0
"966","2022","0","헌법재판소","일반회계","","재화및용역판매수입","면허료및수수료","면허료및수수료","일반수입","9,000",0,0
"967","2022","0","헌법재판소","일반회계","","재화및용역판매수입","잡수입","기타잡수입","일반수입","21,000",0,0
"968","2022","0","환경부","국가균형발전특별회계","지역자율계정","경상이전수입","기타경상이전수입","기타경상이전수입","일반수입","1,500,000",0,0
"969","2022","0","환경부","국가균형발전특별회계","지역지원계정","경상이전수입","기타경상이전수입","기타경상이전수입","일반수입","249,000",0,0
"970","2022","0","환경부","농어촌구조개선특별회계","농어촌특별세사업계정","경상이전수입","기타경상이전수입","기타경상이전수입","일반수입","500,000",0,0
"971","2022","0","환경부","에너지및자원사업특별회계","투자계정","경상이전수입","기타경상이전수입","기타경상이전수입","일반수입","11,484,000",0,0
"972","2022","0","환경부","에너지및자원사업특별회계","투자계정","재산수입","기타이자수입및재산수입","기타재산이자수입","일반수입","1,326,000",0,0
"973","2022","0","환경부","일반회계","","경상이전수입","기타경상이전수입","기타경상이전수입","일반수입","2,685,000",0,0
"974","2022","0","환경부","일반회계","","경상이전수입","변상금및위약금","변상금","일반수입","3,000",0,0
"975","2022","0","환경부","일반회계","","경상이전수입","변상금및위약금","위약금","일반수입","7,000",0,0
"976","2022","0","환경부","일반회계","","재산수입","관유물대여료","토지대여료","일반수입","278,000",0,0
"977","2022","0","환경부","일반회계","","재산수입","기타이자수입및재산수입","기타재산이자수입","일반수입","210,000",0,0
"978","2022","0","환경부","일반회계","","재화및용역판매수입","잡수입","기타잡수입","일반수입","2,000",0,0
"979","2022","0","환경부","환경개선특별회계","","경상이전수입","가산금","가산금","일반수입","934,000",0,0
"980","2022","0","환경부","환경개선특별회계","","경상이전수입","기타경상이전수입","기타경상이전수입","일반수입","246,100,000",0,0
"981","2022","0","환경부","환경개선특별회계","","경상이전수입","기타경상이전수입","법정부담금","일반수입","686,442,000",0,0
"982","2022","0","환경부","환경개선특별회계","","경상이전수입","벌금,몰수금및과태료","과징금","일반수입","27,857,000",0,0
"983","2022","0","환경부","환경개선특별회계","","경상이전수입","벌금,몰수금및과태료","과태료","일반수입","4,435,000",0,0
"984","2022","0","환경부","환경개선특별회계","","경상이전수입","벌금,몰수금및과태료","벌금및과료","일반수입","13,000",0,0
"985","2022","0","환경부","환경개선특별회계","","경상이전수입","벌금,몰수금및과태료","징계부과금","일반수입","14,000",0,0
"986","2022","0","환경부","환경개선특별회계","","경상이전수입","변상금및위약금","변상금","일반수입","35,000",0,0
"987","2022","0","환경부","환경개선특별회계","","경상이전수입","변상금및위약금","위약금","일반수입","692,000",0,0
"988","2022","0","환경부","환경개선특별회계","","관유물매각대","고정자산매각대","건물매각대","일반수입","499,000",0,0
"989","2022","0","환경부","환경개선특별회계","","관유물매각대","고정자산매각대","기계기구매각대","일반수입","37,000",0,0
"990","2022","0","환경부","환경개선특별회계","","관유물매각대","고정자산매각대","기타고정자산매각대","일반수입","122,000",0,0
"991","2022","0","환경부","환경개선특별회계","","수입대체경비수입","잡수입","기타잡수입","일반수입","639,000",0,0
"992","2022","0","환경부","환경개선특별회계","","융자및전대차관원금회수","융자원금회수","기타민간융자원금회수","일반수입","125,529,000",0,0
"993","2022","0","환경부","환경개선특별회계","","융자및전대차관원금회수","융자원금회수","지방자치단체융자원금회수","일반수입","24,292,000",0,0
"994","2022","0","환경부","환경개선특별회계","","재산수입","관유물대여료","건물대여료","일반수입","67,000",0,0
"995","2022","0","환경부","환경개선특별회계","","재산수입","관유물대여료","토지대여료","일반수입","39,000",0,0
"996","2022","0","환경부","환경개선특별회계","","재산수입","기타이자수입및재산수입","기타민간이자수입","일반수입","8,384,000",0,0
"997","2022","0","환경부","환경개선특별회계","","재산수입","기타이자수입및재산수입","기타재산이자수입","일반수입","18,575,000",0,0
"998","2022","0","환경부","환경개선특별회계","","재산수입","기타이자수입및재산수입","지방자치단체이자수입","일반수입","1,852,000",0,0
"999","2022","0","환경부","환경개선특별회계","","재화및용역판매수입","면허료및수수료","면허료및수수료","일반수입","857,000",0,0
"1000","2022","0","환경부","환경개선특별회계","","재화및용역판매수입","잡수입","기타잡수입","일반수입","3,038,000",0,0
"1001","2022","0","환경부","환경개선특별회계","","정부내부수입및기타","전입금","일반회계전입금","내부거래수입(회계간거래)","5,755,718,000",0,0